TYPE,CONTENT,PRIORITY,INDENT,AUTHOR,RESPONSIBLE,DATE,DATE_LANG,TIMEZONE
task,1. Toni Erdmann,4,1,David (3126546),,,en,Europe/London
note,"https://www.youtube.com/watch?v=j0uwi5EPnpA [[file {""tn_l"":[""https:\/\/resizeist.doist.com?url=https%3A%2F%2Fi.ytimg.com%2Fvi%2Fj0uwi5EPnpA%2Fhqdefault.jpg&maxheight=528"",528,528],""title"":""TONI ERDMANN (2016) Official US Trailer"",""url"":""https:\/\/www.youtube.com\/watch?v=j0uwi5EPnpA"",""image"":""https:\/\/i.ytimg.com\/vi\/j0uwi5EPnpA\/hqdefault.jpg"",""tn_s"":[""https:\/\/resizeist.doist.com?url=https%3A%2F%2Fi.ytimg.com%2Fvi%2Fj0uwi5EPnpA%2Fhqdefault.jpg&maxheight=96"",96,96],""image_width"":480,""tn_m"":[""https:\/\/resizeist.doist.com?url=https%3A%2F%2Fi.ytimg.com%2Fvi%2Fj0uwi5EPnpA%2Fhqdefault.jpg&maxheight=288"",288,288],""image_height"":360,""resource_type"":""video""}]]",,,David (3126546),,,,
note,"http://www.bfi.org.uk/news-opinion/sight-sound-magazine/reviews-recommendations/first-look-toni-erdmann [[file {""tn_l"":[""https:\/\/resizeist.doist.com?url=http%3A%2F%2Fwww.bfi.org.uk%2Fsites%2Fbfi.org.uk%2Ffiles%2Ffb-images%2Ftoni-erdmann-2016-003-peter-simonischek-and-sandra-huller-handcuffed-together-twoshot_1000x750.jpg&maxheight=528"",528,528],""description"":""\u2018Feelgood moments\u2019 are, I imagine, something that Sight & Sound readers generally feel a little suspicious of. What\u2019s more, you don't very often encounter them in Cannes, certainly not in competition, and you certainly wouldn\u2019t expect to come across one in..."",""title"":""First-look review: Maren Ade's Toni Erdmann | Sight & Sound"",""url"":""http:\/\/www.bfi.org.uk\/news-opinion\/sight-sound-magazine\/reviews-recommendations\/first-look-toni-erdmann"",""image"":""http:\/\/www.bfi.org.uk\/sites\/bfi.org.uk\/files\/fb-images\/toni-erdmann-2016-003-peter-simonischek-and-sandra-huller-handcuffed-together-twoshot_1000x750.jpg"",""tn_s"":[""https:\/\/resizeist.doist.com?url=http%3A%2F%2Fwww.bfi.org.uk%2Fsites%2Fbfi.org.uk%2Ffiles%2Ffb-images%2Ftoni-erdmann-2016-003-peter-simonischek-and-sandra-huller-handcuffed-together-twoshot_1000x750.jpg&maxheight=96"",96,96],""image_width"":1000,""tn_m"":[""https:\/\/resizeist.doist.com?url=http%3A%2F%2Fwww.bfi.org.uk%2Fsites%2Fbfi.org.uk%2Ffiles%2Ffb-images%2Ftoni-erdmann-2016-003-peter-simonischek-and-sandra-huller-handcuffed-together-twoshot_1000x750.jpg&maxheight=288"",288,288],""image_height"":750,""resource_type"":""website""}]]",,,David (3126546),,,,
note,"http://www.imdb.com/title/tt4048272/ [[file {""tn_l"":[""https:\/\/resizeist.doist.com?url=https%3A%2F%2Fimages-na.ssl-images-amazon.com%2Fimages%2FM%2FMV5BYzA4OGQ5NmMtNzM1ZC00YzIxLThmZWQtODkyYTA0ZGI3MGIzXkEyXkFqcGdeQXVyMjQwNjczOTE%40._V1_UY1200_CR108%2C0%2C630%2C1200_AL_.jpg&maxheight=528"",528,528],""description"":""Directed by Maren Ade.  With Peter Simonischek, Sandra H\u00fcller, Michael Wittenborn, Thomas Loibl. A father tries to reconnect with his adult daughter."",""title"":""Toni Erdmann (2016)"",""url"":""http:\/\/www.imdb.com\/title\/tt4048272\/"",""image"":""https:\/\/images-na.ssl-images-amazon.com\/images\/M\/MV5BYzA4OGQ5NmMtNzM1ZC00YzIxLThmZWQtODkyYTA0ZGI3MGIzXkEyXkFqcGdeQXVyMjQwNjczOTE@._V1_UY1200_CR108,0,630,1200_AL_.jpg"",""tn_s"":[""https:\/\/resizeist.doist.com?url=https%3A%2F%2Fimages-na.ssl-images-amazon.com%2Fimages%2FM%2FMV5BYzA4OGQ5NmMtNzM1ZC00YzIxLThmZWQtODkyYTA0ZGI3MGIzXkEyXkFqcGdeQXVyMjQwNjczOTE%40._V1_UY1200_CR108%2C0%2C630%2C1200_AL_.jpg&maxheight=96"",96,96],""image_width"":630,""tn_m"":[""https:\/\/resizeist.doist.com?url=https%3A%2F%2Fimages-na.ssl-images-amazon.com%2Fimages%2FM%2FMV5BYzA4OGQ5NmMtNzM1ZC00YzIxLThmZWQtODkyYTA0ZGI3MGIzXkEyXkFqcGdeQXVyMjQwNjczOTE%40._V1_UY1200_CR108%2C0%2C630%2C1200_AL_.jpg&maxheight=288"",288,288],""image_height"":1200,""resource_type"":""video.movie""}]]",,,David (3126546),,,,
,,,,,,,,
task,2. Moonlight,4,1,David (3126546),,,en,Europe/London
note,"https://www.youtube.com/watch?v=9NJj12tJzqc [[file {""tn_l"":[""https:\/\/resizeist.doist.com?url=https%3A%2F%2Fi.ytimg.com%2Fvi%2F9NJj12tJzqc%2Fhqdefault.jpg&maxheight=528"",528,528],""title"":""Moonlight | Official Trailer HD | A24"",""url"":""https:\/\/www.youtube.com\/watch?v=9NJj12tJzqc"",""image"":""https:\/\/i.ytimg.com\/vi\/9NJj12tJzqc\/hqdefault.jpg"",""tn_s"":[""https:\/\/resizeist.doist.com?url=https%3A%2F%2Fi.ytimg.com%2Fvi%2F9NJj12tJzqc%2Fhqdefault.jpg&maxheight=96"",96,96],""image_width"":480,""tn_m"":[""https:\/\/resizeist.doist.com?url=https%3A%2F%2Fi.ytimg.com%2Fvi%2F9NJj12tJzqc%2Fhqdefault.jpg&maxheight=288"",288,288],""image_height"":360,""resource_type"":""video""}]]",,,David (3126546),,,,
note,"http://www.bfi.org.uk/news-opinion/sight-sound-magazine/reviews-recommendations/moonlight-first-look [[file {""tn_l"":[""https:\/\/resizeist.doist.com?url=http%3A%2F%2Fwww.bfi.org.uk%2Fsites%2Fbfi.org.uk%2Ffiles%2Ffb-images%2Fmoonlight-2016-001-young-chiron-at-dusk-by-waterside_1000x750.jpg&maxheight=528"",528,528],""description"":""The protagonist in Barry Jenkins\u2019 sophomore feature Moonlight is Chiron by name, and shy by nature. Bullied at school, neglected by his addict of a mother and wrestling with strong, complicated feelings for his best friend Kevin, Chiron is a world-weary wa..."",""title"":""Toronto 2016: Moonlight \u2013 first look | Sight & Sound"",""url"":""http:\/\/www.bfi.org.uk\/news-opinion\/sight-sound-magazine\/reviews-recommendations\/moonlight-first-look"",""image"":""http:\/\/www.bfi.org.uk\/sites\/bfi.org.uk\/files\/fb-images\/moonlight-2016-001-young-chiron-at-dusk-by-waterside_1000x750.jpg"",""tn_s"":[""https:\/\/resizeist.doist.com?url=http%3A%2F%2Fwww.bfi.org.uk%2Fsites%2Fbfi.org.uk%2Ffiles%2Ffb-images%2Fmoonlight-2016-001-young-chiron-at-dusk-by-waterside_1000x750.jpg&maxheight=96"",96,96],""image_width"":1000,""tn_m"":[""https:\/\/resizeist.doist.com?url=http%3A%2F%2Fwww.bfi.org.uk%2Fsites%2Fbfi.org.uk%2Ffiles%2Ffb-images%2Fmoonlight-2016-001-young-chiron-at-dusk-by-waterside_1000x750.jpg&maxheight=288"",288,288],""image_height"":750,""resource_type"":""website""}]]",,,David (3126546),,,,
note,"http://www.imdb.com/title/tt4975722/ [[file {""tn_l"":[""https:\/\/resizeist.doist.com?url=https%3A%2F%2Fimages-na.ssl-images-amazon.com%2Fimages%2FM%2FMV5BNzQxNTIyODAxMV5BMl5BanBnXkFtZTgwNzQyMDA3OTE%40._V1_UY1200_CR90%2C0%2C630%2C1200_AL_.jpg&maxheight=528"",528,528],""description"":""Directed by Barry Jenkins.  With Mahershala Ali, Shariff Earp, Duan Sanderson, Alex R. Hibbert. A timeless story of human connection and self-discovery, Moonlight chronicles the life of a young black man from childhood to adulthood as he struggles to find ..."",""title"":""Moonlight (2016)"",""url"":""http:\/\/www.imdb.com\/title\/tt4975722\/"",""image"":""https:\/\/images-na.ssl-images-amazon.com\/images\/M\/MV5BNzQxNTIyODAxMV5BMl5BanBnXkFtZTgwNzQyMDA3OTE@._V1_UY1200_CR90,0,630,1200_AL_.jpg"",""tn_s"":[""https:\/\/resizeist.doist.com?url=https%3A%2F%2Fimages-na.ssl-images-amazon.com%2Fimages%2FM%2FMV5BNzQxNTIyODAxMV5BMl5BanBnXkFtZTgwNzQyMDA3OTE%40._V1_UY1200_CR90%2C0%2C630%2C1200_AL_.jpg&maxheight=96"",96,96],""image_width"":630,""tn_m"":[""https:\/\/resizeist.doist.com?url=https%3A%2F%2Fimages-na.ssl-images-amazon.com%2Fimages%2FM%2FMV5BNzQxNTIyODAxMV5BMl5BanBnXkFtZTgwNzQyMDA3OTE%40._V1_UY1200_CR90%2C0%2C630%2C1200_AL_.jpg&maxheight=288"",288,288],""image_height"":1200,""resource_type"":""video.movie""}]]",,,David (3126546),,,,
,,,,,,,,
task,3. Elle,4,1,David (3126546),,,en,Europe/London
note,"https://www.youtube.com/watch?v=H-iBBgcp7PY [[file {""tn_l"":[""https:\/\/resizeist.doist.com?url=https%3A%2F%2Fi.ytimg.com%2Fvi%2FH-iBBgcp7PY%2Fhqdefault.jpg&maxheight=528"",528,528],""title"":""ELLE by Paul Verhoeven | Official Trailer - Cannes Film Festival 2016 [HD]"",""url"":""https:\/\/www.youtube.com\/watch?v=H-iBBgcp7PY"",""image"":""https:\/\/i.ytimg.com\/vi\/H-iBBgcp7PY\/hqdefault.jpg"",""tn_s"":[""https:\/\/resizeist.doist.com?url=https%3A%2F%2Fi.ytimg.com%2Fvi%2FH-iBBgcp7PY%2Fhqdefault.jpg&maxheight=96"",96,96],""image_width"":480,""tn_m"":[""https:\/\/resizeist.doist.com?url=https%3A%2F%2Fi.ytimg.com%2Fvi%2FH-iBBgcp7PY%2Fhqdefault.jpg&maxheight=288"",288,288],""image_height"":360,""resource_type"":""video""}]]",,,David (3126546),,,,
note,"http://www.bfi.org.uk/news-opinion/sight-sound-magazine/reviews-recommendations/elle-first-look [[file {""tn_l"":[""https:\/\/resizeist.doist.com?url=http%3A%2F%2Fwww.bfi.org.uk%2Fsites%2Fbfi.org.uk%2Ffiles%2Ffb-images%2Felle-2016-001-isabelle-huppert-through-open-window-facing-bare-bottomed-man_1000x750.jpg&maxheight=528"",528,528],""description"":""Now in his late 70s, Paul Verhoeven still, it seems, has a taste for the potentially controversial. In his first film since Blackbook (2006), the Dutch director kicks off with a woman being raped in her home by a masked man; rather than call the cops after..."",""title"":""Paul Verhoeven\u2019s Elle (2016) \u2013 first-look review | Sight & Sound"",""url"":""http:\/\/www.bfi.org.uk\/news-opinion\/sight-sound-magazine\/reviews-recommendations\/elle-first-look"",""image"":""http:\/\/www.bfi.org.uk\/sites\/bfi.org.uk\/files\/fb-images\/elle-2016-001-isabelle-huppert-through-open-window-facing-bare-bottomed-man_1000x750.jpg"",""tn_s"":[""https:\/\/resizeist.doist.com?url=http%3A%2F%2Fwww.bfi.org.uk%2Fsites%2Fbfi.org.uk%2Ffiles%2Ffb-images%2Felle-2016-001-isabelle-huppert-through-open-window-facing-bare-bottomed-man_1000x750.jpg&maxheight=96"",96,96],""image_width"":1000,""tn_m"":[""https:\/\/resizeist.doist.com?url=http%3A%2F%2Fwww.bfi.org.uk%2Fsites%2Fbfi.org.uk%2Ffiles%2Ffb-images%2Felle-2016-001-isabelle-huppert-through-open-window-facing-bare-bottomed-man_1000x750.jpg&maxheight=288"",288,288],""image_height"":750,""resource_type"":""website""}]]",,,David (3126546),,,,
note,"http://www.imdb.com/title/tt3716530 [[file {""tn_l"":[""https:\/\/resizeist.doist.com?url=https%3A%2F%2Fimages-na.ssl-images-amazon.com%2Fimages%2FM%2FMV5BMTc5NDI5MzA1OF5BMl5BanBnXkFtZTgwMTQzNTQwMDI%40._V1_UY1200_CR91%2C0%2C630%2C1200_AL_.jpg&maxheight=528"",528,528],""description"":""Directed by Paul Verhoeven.  With Isabelle Huppert, Laurent Lafitte, Anne Consigny, Charles Berling. A successful businesswoman gets caught up in a game of cat and mouse as she tracks down the unknown man who raped her."",""title"":""Elle (2016)"",""url"":""http:\/\/www.imdb.com\/title\/tt3716530"",""image"":""https:\/\/images-na.ssl-images-amazon.com\/images\/M\/MV5BMTc5NDI5MzA1OF5BMl5BanBnXkFtZTgwMTQzNTQwMDI@._V1_UY1200_CR91,0,630,1200_AL_.jpg"",""tn_s"":[""https:\/\/resizeist.doist.com?url=https%3A%2F%2Fimages-na.ssl-images-amazon.com%2Fimages%2FM%2FMV5BMTc5NDI5MzA1OF5BMl5BanBnXkFtZTgwMTQzNTQwMDI%40._V1_UY1200_CR91%2C0%2C630%2C1200_AL_.jpg&maxheight=96"",96,96],""image_width"":630,""tn_m"":[""https:\/\/resizeist.doist.com?url=https%3A%2F%2Fimages-na.ssl-images-amazon.com%2Fimages%2FM%2FMV5BMTc5NDI5MzA1OF5BMl5BanBnXkFtZTgwMTQzNTQwMDI%40._V1_UY1200_CR91%2C0%2C630%2C1200_AL_.jpg&maxheight=288"",288,288],""image_height"":1200,""resource_type"":""video.movie""}]]",,,David (3126546),,,,
,,,,,,,,
task,4. Certain Women,4,1,David (3126546),,,en,Europe/London
note,"https://www.youtube.com/watch?v=1_Lznehy2-s [[file {""tn_l"":[""https:\/\/resizeist.doist.com?url=https%3A%2F%2Fi.ytimg.com%2Fvi%2F1_Lznehy2-s%2Fhqdefault.jpg&maxheight=528"",528,528],""title"":""Certain Women Official Trailer 1 (2016) - Kristen Stewart Movie"",""url"":""https:\/\/www.youtube.com\/watch?v=1_Lznehy2-s"",""image"":""https:\/\/i.ytimg.com\/vi\/1_Lznehy2-s\/hqdefault.jpg"",""tn_s"":[""https:\/\/resizeist.doist.com?url=https%3A%2F%2Fi.ytimg.com%2Fvi%2F1_Lznehy2-s%2Fhqdefault.jpg&maxheight=96"",96,96],""image_width"":480,""tn_m"":[""https:\/\/resizeist.doist.com?url=https%3A%2F%2Fi.ytimg.com%2Fvi%2F1_Lznehy2-s%2Fhqdefault.jpg&maxheight=288"",288,288],""image_height"":360,""resource_type"":""video""}]]",,,David (3126546),,,,
note,"http://www.bfi.org.uk/news-opinion/sight-sound-magazine/reviews-recommendations/certain-women-review-kelly-reichardt-laura-dern-michelle-williams-lily-gladstone-kristen-stewart [[file {""tn_l"":[""https:\/\/resizeist.doist.com?url=http%3A%2F%2Fwww.bfi.org.uk%2Fsites%2Fbfi.org.uk%2Ffiles%2Ffb-images%2Fcertain-women-2016-011-michelle-williams-behind-windscreen_1000x750.jpg&maxheight=528"",528,528],""description"":""Kelly Reichardt\u2019s Certain Women opens with a train moving slowly towards the camera. Its relentless motion announces a film borne along on a sense of the inevitable daily grind, carrying us into the heartlands of southern Montana: a place of pines and sand..."",""title"":""Certain Women review: a landscape of restraint | Sight & Sound"",""url"":""http:\/\/www.bfi.org.uk\/news-opinion\/sight-sound-magazine\/reviews-recommendations\/certain-women-review-kelly-reichardt-laura-dern-michelle-williams-lily-gladstone-kristen-stewart"",""image"":""http:\/\/www.bfi.org.uk\/sites\/bfi.org.uk\/files\/fb-images\/certain-women-2016-011-michelle-williams-behind-windscreen_1000x750.jpg"",""tn_s"":[""https:\/\/resizeist.doist.com?url=http%3A%2F%2Fwww.bfi.org.uk%2Fsites%2Fbfi.org.uk%2Ffiles%2Ffb-images%2Fcertain-women-2016-011-michelle-williams-behind-windscreen_1000x750.jpg&maxheight=96"",96,96],""image_width"":1000,""tn_m"":[""https:\/\/resizeist.doist.com?url=http%3A%2F%2Fwww.bfi.org.uk%2Fsites%2Fbfi.org.uk%2Ffiles%2Ffb-images%2Fcertain-women-2016-011-michelle-williams-behind-windscreen_1000x750.jpg&maxheight=288"",288,288],""image_height"":750,""resource_type"":""website""}]]",,,David (3126546),,,,
note,"http://www.imdb.com/title/tt4468634/ [[file {""tn_l"":[""https:\/\/resizeist.doist.com?url=https%3A%2F%2Fimages-na.ssl-images-amazon.com%2Fimages%2FM%2FMV5BMjIyOTY0MjcxMV5BMl5BanBnXkFtZTgwODgxMTE5OTE%40._V1_UY1200_CR90%2C0%2C630%2C1200_AL_.jpg&maxheight=528"",528,528],""description"":""Directed by Kelly Reichardt.  With Michelle Williams, Kristen Stewart, Laura Dern, James Le Gros. The lives of three women intersect in small-town America, where each is imperfectly blazing a trail."",""title"":""Certain Women (2016)"",""url"":""http:\/\/www.imdb.com\/title\/tt4468634\/"",""image"":""https:\/\/images-na.ssl-images-amazon.com\/images\/M\/MV5BMjIyOTY0MjcxMV5BMl5BanBnXkFtZTgwODgxMTE5OTE@._V1_UY1200_CR90,0,630,1200_AL_.jpg"",""tn_s"":[""https:\/\/resizeist.doist.com?url=https%3A%2F%2Fimages-na.ssl-images-amazon.com%2Fimages%2FM%2FMV5BMjIyOTY0MjcxMV5BMl5BanBnXkFtZTgwODgxMTE5OTE%40._V1_UY1200_CR90%2C0%2C630%2C1200_AL_.jpg&maxheight=96"",96,96],""image_width"":630,""tn_m"":[""https:\/\/resizeist.doist.com?url=https%3A%2F%2Fimages-na.ssl-images-amazon.com%2Fimages%2FM%2FMV5BMjIyOTY0MjcxMV5BMl5BanBnXkFtZTgwODgxMTE5OTE%40._V1_UY1200_CR90%2C0%2C630%2C1200_AL_.jpg&maxheight=288"",288,288],""image_height"":1200,""resource_type"":""video.movie""}]]",,,David (3126546),,,,
,,,,,,,,
task,5. American Honey,4,1,David (3126546),,,en,Europe/London
note,"https://www.youtube.com/watch?v=y1SpWZm1PLc [[file {""tn_l"":[""https:\/\/resizeist.doist.com?url=https%3A%2F%2Fi.ytimg.com%2Fvi%2Fy1SpWZm1PLc%2Fhqdefault.jpg&maxheight=528"",528,528],""title"":""American Honey | Official Trailer HD | A24"",""url"":""https:\/\/www.youtube.com\/watch?v=y1SpWZm1PLc"",""image"":""https:\/\/i.ytimg.com\/vi\/y1SpWZm1PLc\/hqdefault.jpg"",""tn_s"":[""https:\/\/resizeist.doist.com?url=https%3A%2F%2Fi.ytimg.com%2Fvi%2Fy1SpWZm1PLc%2Fhqdefault.jpg&maxheight=96"",96,96],""image_width"":480,""tn_m"":[""https:\/\/resizeist.doist.com?url=https%3A%2F%2Fi.ytimg.com%2Fvi%2Fy1SpWZm1PLc%2Fhqdefault.jpg&maxheight=288"",288,288],""image_height"":360,""resource_type"":""video""}]]",,,David (3126546),,,,
note,"http://www.bfi.org.uk/news-opinion/sight-sound-magazine/reviews-recommendations/american-honey-review [[file {""tn_l"":[""https:\/\/resizeist.doist.com?url=http%3A%2F%2Fwww.bfi.org.uk%2Fsites%2Fbfi.org.uk%2Ffiles%2Ffb-images%2Famerican-honey-2016-007-star-in-car-park_1000x750.jpg&maxheight=528"",528,528],""description"":""Andrea Arnold made her name with distinctively photographed films about social outsiders, often young women, from the provocative revenge drama Red Road (2006) to a sensuous adaptation of Wuthering Heights (2011). American Honey, her first film to be made ..."",""title"":""Film of the week: American Honey (2016) | Sight & Sound"",""url"":""http:\/\/www.bfi.org.uk\/news-opinion\/sight-sound-magazine\/reviews-recommendations\/american-honey-review"",""image"":""http:\/\/www.bfi.org.uk\/sites\/bfi.org.uk\/files\/fb-images\/american-honey-2016-007-star-in-car-park_1000x750.jpg"",""tn_s"":[""https:\/\/resizeist.doist.com?url=http%3A%2F%2Fwww.bfi.org.uk%2Fsites%2Fbfi.org.uk%2Ffiles%2Ffb-images%2Famerican-honey-2016-007-star-in-car-park_1000x750.jpg&maxheight=96"",96,96],""image_width"":1000,""tn_m"":[""https:\/\/resizeist.doist.com?url=http%3A%2F%2Fwww.bfi.org.uk%2Fsites%2Fbfi.org.uk%2Ffiles%2Ffb-images%2Famerican-honey-2016-007-star-in-car-park_1000x750.jpg&maxheight=288"",288,288],""image_height"":750,""resource_type"":""website""}]]",,,David (3126546),,,,
note,"http://www.imdb.com/title/tt3721936/ [[file {""tn_l"":[""https:\/\/resizeist.doist.com?url=https%3A%2F%2Fimages-na.ssl-images-amazon.com%2Fimages%2FM%2FMV5BMTk1MDQxNDQzMV5BMl5BanBnXkFtZTgwNDY1MDQ3OTE%40._V1_UY1200_CR90%2C0%2C630%2C1200_AL_.jpg&maxheight=528"",528,528],""description"":""Directed by Andrea Arnold.  With Sasha Lane, Shia LaBeouf, Riley Keough, McCaul Lombardi. A teenage girl with nothing to lose joins a traveling magazine sales crew, and gets caught up in a whirlwind of hard partying, law bending and young love as she criss..."",""title"":""American Honey (2016)"",""url"":""http:\/\/www.imdb.com\/title\/tt3721936\/"",""image"":""https:\/\/images-na.ssl-images-amazon.com\/images\/M\/MV5BMTk1MDQxNDQzMV5BMl5BanBnXkFtZTgwNDY1MDQ3OTE@._V1_UY1200_CR90,0,630,1200_AL_.jpg"",""tn_s"":[""https:\/\/resizeist.doist.com?url=https%3A%2F%2Fimages-na.ssl-images-amazon.com%2Fimages%2FM%2FMV5BMTk1MDQxNDQzMV5BMl5BanBnXkFtZTgwNDY1MDQ3OTE%40._V1_UY1200_CR90%2C0%2C630%2C1200_AL_.jpg&maxheight=96"",96,96],""image_width"":630,""tn_m"":[""https:\/\/resizeist.doist.com?url=https%3A%2F%2Fimages-na.ssl-images-amazon.com%2Fimages%2FM%2FMV5BMTk1MDQxNDQzMV5BMl5BanBnXkFtZTgwNDY1MDQ3OTE%40._V1_UY1200_CR90%2C0%2C630%2C1200_AL_.jpg&maxheight=288"",288,288],""image_height"":1200,""resource_type"":""video.movie""}]]",,,David (3126546),,,,
,,,,,,,,
task,"6. I, Daniel Blake",4,1,David (3126546),,,en,Europe/London
note,"https://www.youtube.com/watch?v=ahWgxw9E_h4 [[file {""tn_l"":[""https:\/\/resizeist.doist.com?url=https%3A%2F%2Fi.ytimg.com%2Fvi%2FahWgxw9E_h4%2Fhqdefault.jpg&maxheight=528"",528,528],""title"":""I, DANIEL BLAKE  - OFFICIAL UK TRAILER [HD]"",""url"":""https:\/\/www.youtube.com\/watch?v=ahWgxw9E_h4"",""image"":""https:\/\/i.ytimg.com\/vi\/ahWgxw9E_h4\/hqdefault.jpg"",""tn_s"":[""https:\/\/resizeist.doist.com?url=https%3A%2F%2Fi.ytimg.com%2Fvi%2FahWgxw9E_h4%2Fhqdefault.jpg&maxheight=96"",96,96],""image_width"":480,""tn_m"":[""https:\/\/resizeist.doist.com?url=https%3A%2F%2Fi.ytimg.com%2Fvi%2FahWgxw9E_h4%2Fhqdefault.jpg&maxheight=288"",288,288],""image_height"":360,""resource_type"":""video""}]]",,,David (3126546),,,,
note,"http://www.bfi.org.uk/news-opinion/sight-sound-magazine/reviews-recommendations/film-week-i-daniel-blake [[file {""tn_l"":[""https:\/\/resizeist.doist.com?url=http%3A%2F%2Fwww.bfi.org.uk%2Fsites%2Fbfi.org.uk%2Ffiles%2Ffb-images%2Fi-daniel-blake-2016-005-daniel-waving-under-police-escort_1000x750.jpg&maxheight=528"",528,528],""description"":""Ken Loach has always put his knack for comedy to work even in his most polemical films. From skewering the pomposity of authority figures, to expressing the natural exuberance of people who weren\u2019t always worn down by struggle, to conjuring French football..."",""title"":""Film of the week: I, Daniel Blake | Sight & Sound"",""url"":""http:\/\/www.bfi.org.uk\/news-opinion\/sight-sound-magazine\/reviews-recommendations\/film-week-i-daniel-blake"",""image"":""http:\/\/www.bfi.org.uk\/sites\/bfi.org.uk\/files\/fb-images\/i-daniel-blake-2016-005-daniel-waving-under-police-escort_1000x750.jpg"",""tn_s"":[""https:\/\/resizeist.doist.com?url=http%3A%2F%2Fwww.bfi.org.uk%2Fsites%2Fbfi.org.uk%2Ffiles%2Ffb-images%2Fi-daniel-blake-2016-005-daniel-waving-under-police-escort_1000x750.jpg&maxheight=96"",96,96],""image_width"":1000,""tn_m"":[""https:\/\/resizeist.doist.com?url=http%3A%2F%2Fwww.bfi.org.uk%2Fsites%2Fbfi.org.uk%2Ffiles%2Ffb-images%2Fi-daniel-blake-2016-005-daniel-waving-under-police-escort_1000x750.jpg&maxheight=288"",288,288],""image_height"":750,""resource_type"":""website""}]]",,,David (3126546),,,,
note,http://www.imdb.com/title/tt5168192/,,,David (3126546),,,,
,,,,,,,,
task,7. Manchester by the Sea,4,1,David (3126546),,,en,Europe/London
note,"https://www.youtube.com/watch?v=gsVoD0pTge0 [[file {""tn_l"":[""https:\/\/resizeist.doist.com?url=https%3A%2F%2Fi.ytimg.com%2Fvi%2FgsVoD0pTge0%2Fhqdefault.jpg&maxheight=528"",528,528],""title"":""Manchester by the Sea Official Trailer 1 (2016) - Casey Affleck Movie"",""url"":""https:\/\/www.youtube.com\/watch?v=gsVoD0pTge0"",""image"":""https:\/\/i.ytimg.com\/vi\/gsVoD0pTge0\/hqdefault.jpg"",""tn_s"":[""https:\/\/resizeist.doist.com?url=https%3A%2F%2Fi.ytimg.com%2Fvi%2FgsVoD0pTge0%2Fhqdefault.jpg&maxheight=96"",96,96],""image_width"":480,""tn_m"":[""https:\/\/resizeist.doist.com?url=https%3A%2F%2Fi.ytimg.com%2Fvi%2FgsVoD0pTge0%2Fhqdefault.jpg&maxheight=288"",288,288],""image_height"":360,""resource_type"":""video""}]]",,,David (3126546),,,,
note,"http://www.bfi.org.uk/news-opinion/sight-sound-magazine/reviews-recommendations/manchester-sea-review-casey-affleck-kenneth-lonergan-grief [[file {""tn_l"":[""https:\/\/resizeist.doist.com?url=http%3A%2F%2Fwww.bfi.org.uk%2Fsites%2Fbfi.org.uk%2Ffiles%2Ffb-images%2Fmanchester-by-the-sea-2016-003-casey-affleck-pulling-on-gloves-at-fence_1000x750.jpg&maxheight=528"",528,528],""description"":""Kenneth Lonergan\u2019s long-awaited follow up to the under-seen Margaret (2011) is a kind of companion piece to its predecessor. If both films are epics, tragedies, operas of suffering \u2013 in Manchester By the Sea the angst is emotional rather than intellectual...."",""title"":""Manchester by the Sea review: on the waves of grief | Sight & Sound"",""url"":""http:\/\/www.bfi.org.uk\/news-opinion\/sight-sound-magazine\/reviews-recommendations\/manchester-sea-review-casey-affleck-kenneth-lonergan-grief"",""image"":""http:\/\/www.bfi.org.uk\/sites\/bfi.org.uk\/files\/fb-images\/manchester-by-the-sea-2016-003-casey-affleck-pulling-on-gloves-at-fence_1000x750.jpg"",""tn_s"":[""https:\/\/resizeist.doist.com?url=http%3A%2F%2Fwww.bfi.org.uk%2Fsites%2Fbfi.org.uk%2Ffiles%2Ffb-images%2Fmanchester-by-the-sea-2016-003-casey-affleck-pulling-on-gloves-at-fence_1000x750.jpg&maxheight=96"",96,96],""image_width"":1000,""tn_m"":[""https:\/\/resizeist.doist.com?url=http%3A%2F%2Fwww.bfi.org.uk%2Fsites%2Fbfi.org.uk%2Ffiles%2Ffb-images%2Fmanchester-by-the-sea-2016-003-casey-affleck-pulling-on-gloves-at-fence_1000x750.jpg&maxheight=288"",288,288],""image_height"":750,""resource_type"":""website""}]]",,,David (3126546),,,,
note,"http://www.imdb.com/title/tt4034228/ [[file {""tn_l"":[""https:\/\/resizeist.doist.com?url=https%3A%2F%2Fimages-na.ssl-images-amazon.com%2Fimages%2FM%2FMV5BMTYxMjk0NDg4Ml5BMl5BanBnXkFtZTgwODcyNjA5OTE%40._V1_UY1200_CR90%2C0%2C630%2C1200_AL_.jpg&maxheight=528"",528,528],""description"":""Directed by Kenneth Lonergan.  With Casey Affleck, Michelle Williams, Kyle Chandler, Lucas Hedges. An uncle is forced to take care of his teenage nephew after the boy's father dies."",""title"":""Manchester by the Sea (2016)"",""url"":""http:\/\/www.imdb.com\/title\/tt4034228\/"",""image"":""https:\/\/images-na.ssl-images-amazon.com\/images\/M\/MV5BMTYxMjk0NDg4Ml5BMl5BanBnXkFtZTgwODcyNjA5OTE@._V1_UY1200_CR90,0,630,1200_AL_.jpg"",""tn_s"":[""https:\/\/resizeist.doist.com?url=https%3A%2F%2Fimages-na.ssl-images-amazon.com%2Fimages%2FM%2FMV5BMTYxMjk0NDg4Ml5BMl5BanBnXkFtZTgwODcyNjA5OTE%40._V1_UY1200_CR90%2C0%2C630%2C1200_AL_.jpg&maxheight=96"",96,96],""image_width"":630,""tn_m"":[""https:\/\/resizeist.doist.com?url=https%3A%2F%2Fimages-na.ssl-images-amazon.com%2Fimages%2FM%2FMV5BMTYxMjk0NDg4Ml5BMl5BanBnXkFtZTgwODcyNjA5OTE%40._V1_UY1200_CR90%2C0%2C630%2C1200_AL_.jpg&maxheight=288"",288,288],""image_height"":1200,""resource_type"":""video.movie""}]]",,,David (3126546),,,,
,,,,,,,,
task,8. Things to Come (L’Avenir),4,1,David (3126546),,,en,Europe/London
note,"https://www.youtube.com/watch?v=S-xbvt7qdHQ [[file {""tn_l"":[""https:\/\/resizeist.doist.com?url=https%3A%2F%2Fi.ytimg.com%2Fvi%2FS-xbvt7qdHQ%2Fhqdefault.jpg&maxheight=528"",528,528],""title"":""Things to Come Official Trailer 1 (2016) - Isabelle Huppert Movie"",""url"":""https:\/\/www.youtube.com\/watch?v=S-xbvt7qdHQ"",""image"":""https:\/\/i.ytimg.com\/vi\/S-xbvt7qdHQ\/hqdefault.jpg"",""tn_s"":[""https:\/\/resizeist.doist.com?url=https%3A%2F%2Fi.ytimg.com%2Fvi%2FS-xbvt7qdHQ%2Fhqdefault.jpg&maxheight=96"",96,96],""image_width"":480,""tn_m"":[""https:\/\/resizeist.doist.com?url=https%3A%2F%2Fi.ytimg.com%2Fvi%2FS-xbvt7qdHQ%2Fhqdefault.jpg&maxheight=288"",288,288],""image_height"":360,""resource_type"":""video""}]]",,,David (3126546),,,,
note,"http://www.bfi.org.uk/news-opinion/sight-sound-magazine/reviews-recommendations/film-week-things-come [[file {""tn_l"":[""https:\/\/resizeist.doist.com?url=http%3A%2F%2Fwww.bfi.org.uk%2Fsites%2Fbfi.org.uk%2Ffiles%2Ffb-images%2Fthings-to-come-2016-001-isabelle-huppert-wet-beach_1000x750.jpg&maxheight=528"",528,528],""description"":""Only in a Mia Hansen-L\u00f8ve film would the discovery of \u2018The Unabomber Manifesto\u2019 in an anarchist commune prompt a discussion about the gap between thought and action rather than a call to the police. No-nonsense fiftysomething commune guest and heroine Nath..."",""title"":""Film of the week: Things to Come | Sight & Sound"",""url"":""http:\/\/www.bfi.org.uk\/news-opinion\/sight-sound-magazine\/reviews-recommendations\/film-week-things-come"",""image"":""http:\/\/www.bfi.org.uk\/sites\/bfi.org.uk\/files\/fb-images\/things-to-come-2016-001-isabelle-huppert-wet-beach_1000x750.jpg"",""tn_s"":[""https:\/\/resizeist.doist.com?url=http%3A%2F%2Fwww.bfi.org.uk%2Fsites%2Fbfi.org.uk%2Ffiles%2Ffb-images%2Fthings-to-come-2016-001-isabelle-huppert-wet-beach_1000x750.jpg&maxheight=96"",96,96],""image_width"":1000,""tn_m"":[""https:\/\/resizeist.doist.com?url=http%3A%2F%2Fwww.bfi.org.uk%2Fsites%2Fbfi.org.uk%2Ffiles%2Ffb-images%2Fthings-to-come-2016-001-isabelle-huppert-wet-beach_1000x750.jpg&maxheight=288"",288,288],""image_height"":750,""resource_type"":""website""}]]",,,David (3126546),,,,
note,"http://www.imdb.com/title/tt4120176/ [[file {""tn_l"":[""https:\/\/resizeist.doist.com?url=https%3A%2F%2Fimages-na.ssl-images-amazon.com%2Fimages%2FM%2FMV5BYmNhYTUyYjAtYWJhMy00MTkyLTgwY2MtYTUwOTM0YjQ2MmI3XkEyXkFqcGdeQXVyNjE2MzYxMDQ%40._V1_UY1200_CR108%2C0%2C630%2C1200_AL_.jpg&maxheight=528"",528,528],""description"":""Directed by Mia Hansen-L\u00f8ve.  With Isabelle Huppert, Andr\u00e9 Marcon, Roman Kolinka, Edith Scob. A philosophy teacher soldiers through the death of her mother, getting fired from her job, and dealing with a husband who is cheating on her."",""title"":""Things to Come (2016)"",""url"":""http:\/\/www.imdb.com\/title\/tt4120176\/"",""image"":""https:\/\/images-na.ssl-images-amazon.com\/images\/M\/MV5BYmNhYTUyYjAtYWJhMy00MTkyLTgwY2MtYTUwOTM0YjQ2MmI3XkEyXkFqcGdeQXVyNjE2MzYxMDQ@._V1_UY1200_CR108,0,630,1200_AL_.jpg"",""tn_s"":[""https:\/\/resizeist.doist.com?url=https%3A%2F%2Fimages-na.ssl-images-amazon.com%2Fimages%2FM%2FMV5BYmNhYTUyYjAtYWJhMy00MTkyLTgwY2MtYTUwOTM0YjQ2MmI3XkEyXkFqcGdeQXVyNjE2MzYxMDQ%40._V1_UY1200_CR108%2C0%2C630%2C1200_AL_.jpg&maxheight=96"",96,96],""image_width"":630,""tn_m"":[""https:\/\/resizeist.doist.com?url=https%3A%2F%2Fimages-na.ssl-images-amazon.com%2Fimages%2FM%2FMV5BYmNhYTUyYjAtYWJhMy00MTkyLTgwY2MtYTUwOTM0YjQ2MmI3XkEyXkFqcGdeQXVyNjE2MzYxMDQ%40._V1_UY1200_CR108%2C0%2C630%2C1200_AL_.jpg&maxheight=288"",288,288],""image_height"":1200,""resource_type"":""video.movie""}]]",,,David (3126546),,,,
,,,,,,,,
task,9. Paterson,4,1,David (3126546),,,en,Europe/London
note,"https://www.youtube.com/watch?v=m8pGJBgiiDU [[file {""tn_l"":[""https:\/\/resizeist.doist.com?url=https%3A%2F%2Fi.ytimg.com%2Fvi%2Fm8pGJBgiiDU%2Fhqdefault.jpg&maxheight=528"",528,528],""title"":""Paterson Official Trailer 1 (2016) - Adam Driver Movie"",""url"":""https:\/\/www.youtube.com\/watch?v=m8pGJBgiiDU"",""image"":""https:\/\/i.ytimg.com\/vi\/m8pGJBgiiDU\/hqdefault.jpg"",""tn_s"":[""https:\/\/resizeist.doist.com?url=https%3A%2F%2Fi.ytimg.com%2Fvi%2Fm8pGJBgiiDU%2Fhqdefault.jpg&maxheight=96"",96,96],""image_width"":480,""tn_m"":[""https:\/\/resizeist.doist.com?url=https%3A%2F%2Fi.ytimg.com%2Fvi%2Fm8pGJBgiiDU%2Fhqdefault.jpg&maxheight=288"",288,288],""image_height"":360,""resource_type"":""video""}]]",,,David (3126546),,,,
note,"http://www.bfi.org.uk/news-opinion/sight-sound-magazine/reviews-recommendations/paterson-jim-jarmusch-paterson-jim-jarmusch-adam-driver [[file {""tn_l"":[""https:\/\/resizeist.doist.com?url=http%3A%2F%2Fwww.bfi.org.uk%2Fsites%2Fbfi.org.uk%2Ffiles%2Ffb-images%2Fpaterson-2016-006-golshifteh-farahani-and-adam-driver-kissing-in-kitchen__1000x750.jpg&maxheight=528"",528,528],""description"":""Jim Jarmusch\u2019s Paterson is a quietly utopian film, and a balm to watch. Paterson (Adam Driver), bus driver and apparently contentedly unpublished poet, and Laura (Golshifteh Farahani), aspiring country singer, live modestly in the suburbs of Paterson, New ..."",""title"":""Film of the week: Paterson | Sight & Sound"",""url"":""http:\/\/www.bfi.org.uk\/news-opinion\/sight-sound-magazine\/reviews-recommendations\/paterson-jim-jarmusch-paterson-jim-jarmusch-adam-driver"",""image"":""http:\/\/www.bfi.org.uk\/sites\/bfi.org.uk\/files\/fb-images\/paterson-2016-006-golshifteh-farahani-and-adam-driver-kissing-in-kitchen__1000x750.jpg"",""tn_s"":[""https:\/\/resizeist.doist.com?url=http%3A%2F%2Fwww.bfi.org.uk%2Fsites%2Fbfi.org.uk%2Ffiles%2Ffb-images%2Fpaterson-2016-006-golshifteh-farahani-and-adam-driver-kissing-in-kitchen__1000x750.jpg&maxheight=96"",96,96],""image_width"":1000,""tn_m"":[""https:\/\/resizeist.doist.com?url=http%3A%2F%2Fwww.bfi.org.uk%2Fsites%2Fbfi.org.uk%2Ffiles%2Ffb-images%2Fpaterson-2016-006-golshifteh-farahani-and-adam-driver-kissing-in-kitchen__1000x750.jpg&maxheight=288"",288,288],""image_height"":750,""resource_type"":""website""}]]",,,David (3126546),,,,
note,"http://www.imdb.com/title/tt5247022/ [[file {""tn_l"":[""https:\/\/resizeist.doist.com?url=https%3A%2F%2Fimages-na.ssl-images-amazon.com%2Fimages%2FM%2FMV5BMTUzODA4Nzk0OF5BMl5BanBnXkFtZTgwNzE1MDIwMDI%40._V1_UY1200_CR87%2C0%2C630%2C1200_AL_.jpg&maxheight=528"",528,528],""description"":""Directed by Jim Jarmusch.  With Adam Driver, Golshifteh Farahani, Helen-Jean Arthur, Owen Asztalos. A quiet observation of the triumphs and defeats of daily life, along with the poetry evident in its smallest details."",""title"":""Paterson (2016)"",""url"":""http:\/\/www.imdb.com\/title\/tt5247022\/"",""image"":""https:\/\/images-na.ssl-images-amazon.com\/images\/M\/MV5BMTUzODA4Nzk0OF5BMl5BanBnXkFtZTgwNzE1MDIwMDI@._V1_UY1200_CR87,0,630,1200_AL_.jpg"",""tn_s"":[""https:\/\/resizeist.doist.com?url=https%3A%2F%2Fimages-na.ssl-images-amazon.com%2Fimages%2FM%2FMV5BMTUzODA4Nzk0OF5BMl5BanBnXkFtZTgwNzE1MDIwMDI%40._V1_UY1200_CR87%2C0%2C630%2C1200_AL_.jpg&maxheight=96"",96,96],""image_width"":630,""tn_m"":[""https:\/\/resizeist.doist.com?url=https%3A%2F%2Fimages-na.ssl-images-amazon.com%2Fimages%2FM%2FMV5BMTUzODA4Nzk0OF5BMl5BanBnXkFtZTgwNzE1MDIwMDI%40._V1_UY1200_CR87%2C0%2C630%2C1200_AL_.jpg&maxheight=288"",288,288],""image_height"":1200,""resource_type"":""video.movie""}]]",,,David (3126546),,,,
,,,,,,,,
task,10. The Death of Louis XIV / La Mort de Louis XIV,4,1,David (3126546),,,en,Europe/London
note,"https://www.youtube.com/watch?v=7ihbFgkObP8 [[file {""tn_l"":[""https:\/\/resizeist.doist.com?url=https%3A%2F%2Fi.ytimg.com%2Fvi%2F7ihbFgkObP8%2Fhqdefault.jpg&maxheight=528"",528,528],""title"":""The Death of Louis XIV \/ La Mort de Louis XIV (2016) - Trailer (English Subs)"",""url"":""https:\/\/www.youtube.com\/watch?v=7ihbFgkObP8"",""image"":""https:\/\/i.ytimg.com\/vi\/7ihbFgkObP8\/hqdefault.jpg"",""tn_s"":[""https:\/\/resizeist.doist.com?url=https%3A%2F%2Fi.ytimg.com%2Fvi%2F7ihbFgkObP8%2Fhqdefault.jpg&maxheight=96"",96,96],""image_width"":480,""tn_m"":[""https:\/\/resizeist.doist.com?url=https%3A%2F%2Fi.ytimg.com%2Fvi%2F7ihbFgkObP8%2Fhqdefault.jpg&maxheight=288"",288,288],""image_height"":360,""resource_type"":""video""}]]",,,David (3126546),,,,
note,"http://www.bfi.org.uk/news-opinion/sight-sound-magazine/reviews-recommendations/death-louis-xiv-first-look [[file {""tn_l"":[""https:\/\/resizeist.doist.com?url=http%3A%2F%2Fwww.bfi.org.uk%2Fsites%2Fbfi.org.uk%2Ffiles%2Ffb-images%2Fdeath-of-louis-xiv-2016-002-louis-recling-with-young-boy_1000x750.jpg&maxheight=528"",528,528],""description"":""Actors inevitably carry their history with them to the screen, and of course older actors bring a longer history. But few film actors have personal histories that are as charged, not to say as mythical as that of Jean-Pierre L\u00e9aud. It\u2019s a particularly sign..."",""title"":""Albert Serra\u2019s The Death of Louis XIV (2016) \u2013 first-look review | Sight & Sound"",""url"":""http:\/\/www.bfi.org.uk\/news-opinion\/sight-sound-magazine\/reviews-recommendations\/death-louis-xiv-first-look"",""image"":""http:\/\/www.bfi.org.uk\/sites\/bfi.org.uk\/files\/fb-images\/death-of-louis-xiv-2016-002-louis-recling-with-young-boy_1000x750.jpg"",""tn_s"":[""https:\/\/resizeist.doist.com?url=http%3A%2F%2Fwww.bfi.org.uk%2Fsites%2Fbfi.org.uk%2Ffiles%2Ffb-images%2Fdeath-of-louis-xiv-2016-002-louis-recling-with-young-boy_1000x750.jpg&maxheight=96"",96,96],""image_width"":1000,""tn_m"":[""https:\/\/resizeist.doist.com?url=http%3A%2F%2Fwww.bfi.org.uk%2Fsites%2Fbfi.org.uk%2Ffiles%2Ffb-images%2Fdeath-of-louis-xiv-2016-002-louis-recling-with-young-boy_1000x750.jpg&maxheight=288"",288,288],""image_height"":750,""resource_type"":""website""}]]",,,David (3126546),,,,
note,"http://www.imdb.com/title/tt5129510/ [[file {""tn_l"":[""https:\/\/resizeist.doist.com?url=https%3A%2F%2Fimages-na.ssl-images-amazon.com%2Fimages%2FM%2FMV5BN2VlNGU2NmItYzIwYS00MTg0LWE2ZTQtMWZlYTZlNzhhODkyXkEyXkFqcGdeQXVyMTA0MjU0Ng%40%40._V1_UY1200_CR88%2C0%2C630%2C1200_AL_.jpg&maxheight=528"",528,528],""description"":""Directed by Albert Serra.  With Jean-Pierre L\u00e9aud, Patrick d'Assum\u00e7ao, Marc Susini, Bernard Belin. Upon returning from a hunting expedition, King Louis XIV feels a sharp pain in his leg. He begins to die, surrounded by loyal followers in the royal chambers..."",""title"":""La mort de Louis XIV (2016)"",""url"":""http:\/\/www.imdb.com\/title\/tt5129510\/"",""image"":""https:\/\/images-na.ssl-images-amazon.com\/images\/M\/MV5BN2VlNGU2NmItYzIwYS00MTg0LWE2ZTQtMWZlYTZlNzhhODkyXkEyXkFqcGdeQXVyMTA0MjU0Ng@@._V1_UY1200_CR88,0,630,1200_AL_.jpg"",""tn_s"":[""https:\/\/resizeist.doist.com?url=https%3A%2F%2Fimages-na.ssl-images-amazon.com%2Fimages%2FM%2FMV5BN2VlNGU2NmItYzIwYS00MTg0LWE2ZTQtMWZlYTZlNzhhODkyXkEyXkFqcGdeQXVyMTA0MjU0Ng%40%40._V1_UY1200_CR88%2C0%2C630%2C1200_AL_.jpg&maxheight=96"",96,96],""image_width"":630,""tn_m"":[""https:\/\/resizeist.doist.com?url=https%3A%2F%2Fimages-na.ssl-images-amazon.com%2Fimages%2FM%2FMV5BN2VlNGU2NmItYzIwYS00MTg0LWE2ZTQtMWZlYTZlNzhhODkyXkEyXkFqcGdeQXVyMTA0MjU0Ng%40%40._V1_UY1200_CR88%2C0%2C630%2C1200_AL_.jpg&maxheight=288"",288,288],""image_height"":1200,""resource_type"":""video.movie""}]]",,,David (3126546),,,,
,,,,,,,,
task,=11. Personal Shopper,4,1,David (3126546),,,en,Europe/London
note,"https://www.youtube.com/watch?v=aMlTfkcaVWg [[file {""tn_l"":[""https:\/\/resizeist.doist.com?url=https%3A%2F%2Fi.ytimg.com%2Fvi%2FaMlTfkcaVWg%2Fhqdefault.jpg&maxheight=528"",528,528],""title"":""Personal Shopper Official Trailer - Teaser (2017) - Kristen Stewart Movie"",""url"":""https:\/\/www.youtube.com\/watch?v=aMlTfkcaVWg"",""image"":""https:\/\/i.ytimg.com\/vi\/aMlTfkcaVWg\/hqdefault.jpg"",""tn_s"":[""https:\/\/resizeist.doist.com?url=https%3A%2F%2Fi.ytimg.com%2Fvi%2FaMlTfkcaVWg%2Fhqdefault.jpg&maxheight=96"",96,96],""image_width"":480,""tn_m"":[""https:\/\/resizeist.doist.com?url=https%3A%2F%2Fi.ytimg.com%2Fvi%2FaMlTfkcaVWg%2Fhqdefault.jpg&maxheight=288"",288,288],""image_height"":360,""resource_type"":""video""}]]",,,David (3126546),,,,
note,http://www.bfi.org.uk/news-opinion/sight-sound-magazine/reviews-recommendations/personal-shopper-first-look,,,David (3126546),,,,
note,"http://www.imdb.com/title/tt4714782/ [[file {""tn_l"":[""https:\/\/resizeist.doist.com?url=https%3A%2F%2Fimages-na.ssl-images-amazon.com%2Fimages%2FM%2FMV5BMTU3MTc3ODY1Ml5BMl5BanBnXkFtZTgwODE2NzM5ODE%40._V1_UY1200_CR126%2C0%2C630%2C1200_AL_.jpg&maxheight=528"",528,528],""description"":""Directed by Olivier Assayas.  With Kristen Stewart, Lars Eidinger, Sigrid Bouaziz, Anders Danielsen Lie. Revolves around a ghost story that takes place in the fashion underworld of Paris."",""title"":""Personal Shopper (2016)"",""url"":""http:\/\/www.imdb.com\/title\/tt4714782\/"",""image"":""https:\/\/images-na.ssl-images-amazon.com\/images\/M\/MV5BMTU3MTc3ODY1Ml5BMl5BanBnXkFtZTgwODE2NzM5ODE@._V1_UY1200_CR126,0,630,1200_AL_.jpg"",""tn_s"":[""https:\/\/resizeist.doist.com?url=https%3A%2F%2Fimages-na.ssl-images-amazon.com%2Fimages%2FM%2FMV5BMTU3MTc3ODY1Ml5BMl5BanBnXkFtZTgwODE2NzM5ODE%40._V1_UY1200_CR126%2C0%2C630%2C1200_AL_.jpg&maxheight=96"",96,96],""image_width"":630,""tn_m"":[""https:\/\/resizeist.doist.com?url=https%3A%2F%2Fimages-na.ssl-images-amazon.com%2Fimages%2FM%2FMV5BMTU3MTc3ODY1Ml5BMl5BanBnXkFtZTgwODE2NzM5ODE%40._V1_UY1200_CR126%2C0%2C630%2C1200_AL_.jpg&maxheight=288"",288,288],""image_height"":1200,""resource_type"":""video.movie""}]]",,,David (3126546),,,,
,,,,,,,,
task,=11. Sieranevada,4,1,David (3126546),,,en,Europe/London
note,"https://www.youtube.com/watch?v=4Pin_bvMUQo [[file {""tn_l"":[""https:\/\/resizeist.doist.com?url=https%3A%2F%2Fi.ytimg.com%2Fvi%2F4Pin_bvMUQo%2Fhqdefault.jpg&maxheight=528"",528,528],""title"":""Sieranevada Official Trailer (2016, Romania) Cristi Puiu (English Subtitles)"",""url"":""https:\/\/www.youtube.com\/watch?v=4Pin_bvMUQo"",""image"":""https:\/\/i.ytimg.com\/vi\/4Pin_bvMUQo\/hqdefault.jpg"",""tn_s"":[""https:\/\/resizeist.doist.com?url=https%3A%2F%2Fi.ytimg.com%2Fvi%2F4Pin_bvMUQo%2Fhqdefault.jpg&maxheight=96"",96,96],""image_width"":480,""tn_m"":[""https:\/\/resizeist.doist.com?url=https%3A%2F%2Fi.ytimg.com%2Fvi%2F4Pin_bvMUQo%2Fhqdefault.jpg&maxheight=288"",288,288],""image_height"":360,""resource_type"":""video""}]]",,,David (3126546),,,,
note,"http://www.bfi.org.uk/news-opinion/sight-sound-magazine/reviews-recommendations/first-look-review-sieranevada [[file {""tn_l"":[""https:\/\/resizeist.doist.com?url=http%3A%2F%2Fwww.bfi.org.uk%2Fsites%2Fbfi.org.uk%2Ffiles%2Ffb-images%2Fsierranevada-2016-002-group-talking-at-dining-table_1000x750.jpg&maxheight=528"",528,528],""description"":""Regarded by some (this writer included) as the most audacious and influential of the Romanian filmmakers who have made their mark on the international scene in the last decade and a half, Cristi Puiu has an unusually intriguing body of work to his name."",""title"":""Cristi Puiu's Sieranevada (2016) \u2013 first look | Sight & Sound"",""url"":""http:\/\/www.bfi.org.uk\/news-opinion\/sight-sound-magazine\/reviews-recommendations\/first-look-review-sieranevada"",""image"":""http:\/\/www.bfi.org.uk\/sites\/bfi.org.uk\/files\/fb-images\/sierranevada-2016-002-group-talking-at-dining-table_1000x750.jpg"",""tn_s"":[""https:\/\/resizeist.doist.com?url=http%3A%2F%2Fwww.bfi.org.uk%2Fsites%2Fbfi.org.uk%2Ffiles%2Ffb-images%2Fsierranevada-2016-002-group-talking-at-dining-table_1000x750.jpg&maxheight=96"",96,96],""image_width"":1000,""tn_m"":[""https:\/\/resizeist.doist.com?url=http%3A%2F%2Fwww.bfi.org.uk%2Fsites%2Fbfi.org.uk%2Ffiles%2Ffb-images%2Fsierranevada-2016-002-group-talking-at-dining-table_1000x750.jpg&maxheight=288"",288,288],""image_height"":750,""resource_type"":""website""}]]",,,David (3126546),,,,
note,"http://www.imdb.com/title/tt4466490/ [[file {""tn_l"":[""https:\/\/resizeist.doist.com?url=https%3A%2F%2Fimages-na.ssl-images-amazon.com%2Fimages%2FM%2FMV5BODAzMmI0NDgtNmYwNi00MTNmLTgyZjAtYTg3ZWE5Yzg5ZGY5XkEyXkFqcGdeQXVyNDkzNTM2ODg%40._V1_UY1200_CR108%2C0%2C630%2C1200_AL_.jpg&maxheight=528"",528,528],""description"":""Directed by Cristi Puiu.  With Mimi Branescu, Mirela Apostu, Eugenia Bos\u00e2nceanu, Ilona Brezoianu. Centers around a family gathering on the anniversary of a patriarch's recent death."",""title"":""Sieranevada (2016)"",""url"":""http:\/\/www.imdb.com\/title\/tt4466490\/"",""image"":""https:\/\/images-na.ssl-images-amazon.com\/images\/M\/MV5BODAzMmI0NDgtNmYwNi00MTNmLTgyZjAtYTg3ZWE5Yzg5ZGY5XkEyXkFqcGdeQXVyNDkzNTM2ODg@._V1_UY1200_CR108,0,630,1200_AL_.jpg"",""tn_s"":[""https:\/\/resizeist.doist.com?url=https%3A%2F%2Fimages-na.ssl-images-amazon.com%2Fimages%2FM%2FMV5BODAzMmI0NDgtNmYwNi00MTNmLTgyZjAtYTg3ZWE5Yzg5ZGY5XkEyXkFqcGdeQXVyNDkzNTM2ODg%40._V1_UY1200_CR108%2C0%2C630%2C1200_AL_.jpg&maxheight=96"",96,96],""image_width"":630,""tn_m"":[""https:\/\/resizeist.doist.com?url=https%3A%2F%2Fimages-na.ssl-images-amazon.com%2Fimages%2FM%2FMV5BODAzMmI0NDgtNmYwNi00MTNmLTgyZjAtYTg3ZWE5Yzg5ZGY5XkEyXkFqcGdeQXVyNDkzNTM2ODg%40._V1_UY1200_CR108%2C0%2C630%2C1200_AL_.jpg&maxheight=288"",288,288],""image_height"":1200,""resource_type"":""video.movie""}]]",,,David (3126546),,,,
,,,,,,,,
task,=13. Fire at Sea,4,1,David (3126546),,,en,Europe/London
note,"https://www.youtube.com/watch?v=qR5l9XDaxK0 [[file {""tn_l"":[""https:\/\/resizeist.doist.com?url=https%3A%2F%2Fi.ytimg.com%2Fvi%2FqR5l9XDaxK0%2Fhqdefault.jpg&maxheight=528"",528,528],""title"":""Fire at Sea Official Trailer 1 (2016) - Documentary"",""url"":""https:\/\/www.youtube.com\/watch?v=qR5l9XDaxK0"",""image"":""https:\/\/i.ytimg.com\/vi\/qR5l9XDaxK0\/hqdefault.jpg"",""tn_s"":[""https:\/\/resizeist.doist.com?url=https%3A%2F%2Fi.ytimg.com%2Fvi%2FqR5l9XDaxK0%2Fhqdefault.jpg&maxheight=96"",96,96],""image_width"":480,""tn_m"":[""https:\/\/resizeist.doist.com?url=https%3A%2F%2Fi.ytimg.com%2Fvi%2FqR5l9XDaxK0%2Fhqdefault.jpg&maxheight=288"",288,288],""image_height"":360,""resource_type"":""video""}]]",,,David (3126546),,,,
note,"http://www.bfi.org.uk/news-opinion/sight-sound-magazine/reviews-recommendations/film-week-fire-sea [[file {""tn_l"":[""https:\/\/resizeist.doist.com?url=http%3A%2F%2Fwww.bfi.org.uk%2Fsites%2Fbfi.org.uk%2Ffiles%2Ffb-images%2Ffire-at-sea-2016-003-boy-with-catapault_1000x750.jpg&maxheight=528"",528,528],""description"":""Even if they were bringing the bodies of dead migrants ashore a few minutes from where you live, you\u2019d still brew up coffee and cook dinner with the radio on. Your kids would still do their homework and get to school in the morning. Life would go on \u2013 not ..."",""title"":""Film of the week: Fire at Sea | Sight & Sound"",""url"":""http:\/\/www.bfi.org.uk\/news-opinion\/sight-sound-magazine\/reviews-recommendations\/film-week-fire-sea"",""image"":""http:\/\/www.bfi.org.uk\/sites\/bfi.org.uk\/files\/fb-images\/fire-at-sea-2016-003-boy-with-catapault_1000x750.jpg"",""tn_s"":[""https:\/\/resizeist.doist.com?url=http%3A%2F%2Fwww.bfi.org.uk%2Fsites%2Fbfi.org.uk%2Ffiles%2Ffb-images%2Ffire-at-sea-2016-003-boy-with-catapault_1000x750.jpg&maxheight=96"",96,96],""image_width"":1000,""tn_m"":[""https:\/\/resizeist.doist.com?url=http%3A%2F%2Fwww.bfi.org.uk%2Fsites%2Fbfi.org.uk%2Ffiles%2Ffb-images%2Ffire-at-sea-2016-003-boy-with-catapault_1000x750.jpg&maxheight=288"",288,288],""image_height"":750,""resource_type"":""website""}]]",,,David (3126546),,,,
note,"http://www.imdb.com/title/tt3652526/ [[file {""tn_l"":[""https:\/\/resizeist.doist.com?url=https%3A%2F%2Fimages-na.ssl-images-amazon.com%2Fimages%2FM%2FMV5BMTQ5MDYwNDU5OV5BMl5BanBnXkFtZTgwMDg0NTgyMDI%40._V1_UY1200_CR90%2C0%2C630%2C1200_AL_.jpg&maxheight=528"",528,528],""description"":""Directed by Gianfranco Rosi.  With Samuele Pucillo, Samuele Caruana, Maria Costa, Francesco Mannino. Capturing life on the Italian island of Lampedusa, a frontline in the European migrant crisis."",""title"":""Fire at Sea (2016)"",""url"":""http:\/\/www.imdb.com\/title\/tt3652526\/"",""image"":""https:\/\/images-na.ssl-images-amazon.com\/images\/M\/MV5BMTQ5MDYwNDU5OV5BMl5BanBnXkFtZTgwMDg0NTgyMDI@._V1_UY1200_CR90,0,630,1200_AL_.jpg"",""tn_s"":[""https:\/\/resizeist.doist.com?url=https%3A%2F%2Fimages-na.ssl-images-amazon.com%2Fimages%2FM%2FMV5BMTQ5MDYwNDU5OV5BMl5BanBnXkFtZTgwMDg0NTgyMDI%40._V1_UY1200_CR90%2C0%2C630%2C1200_AL_.jpg&maxheight=96"",96,96],""image_width"":630,""tn_m"":[""https:\/\/resizeist.doist.com?url=https%3A%2F%2Fimages-na.ssl-images-amazon.com%2Fimages%2FM%2FMV5BMTQ5MDYwNDU5OV5BMl5BanBnXkFtZTgwMDg0NTgyMDI%40._V1_UY1200_CR90%2C0%2C630%2C1200_AL_.jpg&maxheight=288"",288,288],""image_height"":1200,""resource_type"":""video.movie""}]]",,,David (3126546),,,,
,,,,,,,,
task,=13. Julieta,4,1,David (3126546),,,en,Europe/London
note,"https://www.youtube.com/watch?v=ATcsHdyFVTE [[file {""tn_l"":[""https:\/\/resizeist.doist.com?url=https%3A%2F%2Fi.ytimg.com%2Fvi%2FATcsHdyFVTE%2Fhqdefault.jpg&maxheight=528"",528,528],""title"":""Julieta, an Almod\u00f3var film - Official Trailer (English Subtitles)"",""url"":""https:\/\/www.youtube.com\/watch?v=ATcsHdyFVTE"",""image"":""https:\/\/i.ytimg.com\/vi\/ATcsHdyFVTE\/hqdefault.jpg"",""tn_s"":[""https:\/\/resizeist.doist.com?url=https%3A%2F%2Fi.ytimg.com%2Fvi%2FATcsHdyFVTE%2Fhqdefault.jpg&maxheight=96"",96,96],""image_width"":480,""tn_m"":[""https:\/\/resizeist.doist.com?url=https%3A%2F%2Fi.ytimg.com%2Fvi%2FATcsHdyFVTE%2Fhqdefault.jpg&maxheight=288"",288,288],""image_height"":360,""resource_type"":""video""}]]",,,David (3126546),,,,
note,"http://www.bfi.org.uk/news-opinion/sight-sound-magazine/reviews-recommendations/film-week-julieta [[file {""tn_l"":[""https:\/\/resizeist.doist.com?url=http%3A%2F%2Fwww.bfi.org.uk%2Fsites%2Fbfi.org.uk%2Ffiles%2Ffb-images%2Fjulieta-2016-013-adriana-ugarte-kissing-tattooed-shoulder_1000x750.jpg&maxheight=528"",528,528],""description"":""One of the enduring pleasures of Pedro Almod\u00f3var\u2019s cinema is his mastery of narrative complexity: his films often seem to be generated by a set of completely disparate events and ideas from which he constructs narratives that are coherent but nevertheless ..."",""title"":""Film of the week | Julieta | Sight & Sound"",""url"":""http:\/\/www.bfi.org.uk\/news-opinion\/sight-sound-magazine\/reviews-recommendations\/film-week-julieta"",""image"":""http:\/\/www.bfi.org.uk\/sites\/bfi.org.uk\/files\/fb-images\/julieta-2016-013-adriana-ugarte-kissing-tattooed-shoulder_1000x750.jpg"",""tn_s"":[""https:\/\/resizeist.doist.com?url=http%3A%2F%2Fwww.bfi.org.uk%2Fsites%2Fbfi.org.uk%2Ffiles%2Ffb-images%2Fjulieta-2016-013-adriana-ugarte-kissing-tattooed-shoulder_1000x750.jpg&maxheight=96"",96,96],""image_width"":1000,""tn_m"":[""https:\/\/resizeist.doist.com?url=http%3A%2F%2Fwww.bfi.org.uk%2Fsites%2Fbfi.org.uk%2Ffiles%2Ffb-images%2Fjulieta-2016-013-adriana-ugarte-kissing-tattooed-shoulder_1000x750.jpg&maxheight=288"",288,288],""image_height"":750,""resource_type"":""website""}]]",,,David (3126546),,,,
note,"http://www.imdb.com/title/tt4326444/ [[file {""tn_l"":[""https:\/\/resizeist.doist.com?url=https%3A%2F%2Fimages-na.ssl-images-amazon.com%2Fimages%2FM%2FMV5BZjI3ZTdmNjMtMTI5My00M2EyLTg5YmItMDAwODU4ZWYyYjFhXkEyXkFqcGdeQXVyMTA0MjU0Ng%40%40._V1_UY1200_CR105%2C0%2C630%2C1200_AL_.jpg&maxheight=528"",528,528],""description"":""Directed by Pedro Almod\u00f3var.  With Emma Su\u00e1rez, Adriana Ugarte, Daniel Grao, Inma Cuesta. After a casual encounter, a brokenhearted woman decides to confront her life and the most important events about her stranded daughter."",""title"":""Julieta (2016)"",""url"":""http:\/\/www.imdb.com\/title\/tt4326444\/"",""image"":""https:\/\/images-na.ssl-images-amazon.com\/images\/M\/MV5BZjI3ZTdmNjMtMTI5My00M2EyLTg5YmItMDAwODU4ZWYyYjFhXkEyXkFqcGdeQXVyMTA0MjU0Ng@@._V1_UY1200_CR105,0,630,1200_AL_.jpg"",""tn_s"":[""https:\/\/resizeist.doist.com?url=https%3A%2F%2Fimages-na.ssl-images-amazon.com%2Fimages%2FM%2FMV5BZjI3ZTdmNjMtMTI5My00M2EyLTg5YmItMDAwODU4ZWYyYjFhXkEyXkFqcGdeQXVyMTA0MjU0Ng%40%40._V1_UY1200_CR105%2C0%2C630%2C1200_AL_.jpg&maxheight=96"",96,96],""image_width"":630,""tn_m"":[""https:\/\/resizeist.doist.com?url=https%3A%2F%2Fimages-na.ssl-images-amazon.com%2Fimages%2FM%2FMV5BZjI3ZTdmNjMtMTI5My00M2EyLTg5YmItMDAwODU4ZWYyYjFhXkEyXkFqcGdeQXVyMTA0MjU0Ng%40%40._V1_UY1200_CR105%2C0%2C630%2C1200_AL_.jpg&maxheight=288"",288,288],""image_height"":1200,""resource_type"":""video.movie""}]]",,,David (3126546),,,,
,,,,,,,,
task,=13. Nocturama,4,1,David (3126546),,,en,Europe/London
note,"https://www.youtube.com/watch?v=H-6EEsn3Akc [[file {""tn_l"":[""https:\/\/resizeist.doist.com?url=https%3A%2F%2Fi.ytimg.com%2Fvi%2FH-6EEsn3Akc%2Fhqdefault.jpg&maxheight=528"",528,528],""title"":""NOCTURAMA Trailer | Festival 2016"",""url"":""https:\/\/www.youtube.com\/watch?v=H-6EEsn3Akc"",""image"":""https:\/\/i.ytimg.com\/vi\/H-6EEsn3Akc\/hqdefault.jpg"",""tn_s"":[""https:\/\/resizeist.doist.com?url=https%3A%2F%2Fi.ytimg.com%2Fvi%2FH-6EEsn3Akc%2Fhqdefault.jpg&maxheight=96"",96,96],""image_width"":480,""tn_m"":[""https:\/\/resizeist.doist.com?url=https%3A%2F%2Fi.ytimg.com%2Fvi%2FH-6EEsn3Akc%2Fhqdefault.jpg&maxheight=288"",288,288],""image_height"":360,""resource_type"":""video""}]]",,,David (3126546),,,,
note,"http://www.imdb.com/title/tt4795546 [[file {""tn_l"":[""https:\/\/resizeist.doist.com?url=https%3A%2F%2Fimages-na.ssl-images-amazon.com%2Fimages%2FM%2FMV5BYWQ3ZjQ3YTYtODI2Ni00ZTZlLTlkMzktMDRkNTIzOWFjNjAxXkEyXkFqcGdeQXVyNDcyMjQ4MzU%40._V1_UY1200_CR127%2C0%2C630%2C1200_AL_.jpg&maxheight=528"",528,528],""description"":""Directed by Bertrand Bonello.  With Finnegan Oldfield, Vincent Rottiers, Hamza Meziani, Manal Issa. Some young folks, tired of the society they're living in, plan a bomb attack over Paris before to take shelter for a night in a shopping center."",""title"":""Nocturama (2016)"",""url"":""http:\/\/www.imdb.com\/title\/tt4795546"",""image"":""https:\/\/images-na.ssl-images-amazon.com\/images\/M\/MV5BYWQ3ZjQ3YTYtODI2Ni00ZTZlLTlkMzktMDRkNTIzOWFjNjAxXkEyXkFqcGdeQXVyNDcyMjQ4MzU@._V1_UY1200_CR127,0,630,1200_AL_.jpg"",""tn_s"":[""https:\/\/resizeist.doist.com?url=https%3A%2F%2Fimages-na.ssl-images-amazon.com%2Fimages%2FM%2FMV5BYWQ3ZjQ3YTYtODI2Ni00ZTZlLTlkMzktMDRkNTIzOWFjNjAxXkEyXkFqcGdeQXVyNDcyMjQ4MzU%40._V1_UY1200_CR127%2C0%2C630%2C1200_AL_.jpg&maxheight=96"",96,96],""image_width"":630,""tn_m"":[""https:\/\/resizeist.doist.com?url=https%3A%2F%2Fimages-na.ssl-images-amazon.com%2Fimages%2FM%2FMV5BYWQ3ZjQ3YTYtODI2Ni00ZTZlLTlkMzktMDRkNTIzOWFjNjAxXkEyXkFqcGdeQXVyNDcyMjQ4MzU%40._V1_UY1200_CR127%2C0%2C630%2C1200_AL_.jpg&maxheight=288"",288,288],""image_height"":1200,""resource_type"":""video.movie""}]]",,,David (3126546),,,,
,,,,,,,,
task,=16. Cameraperson,4,1,David (3126546),,,en,Europe/London
note,"https://www.youtube.com/watch?v=jx52F4iLTL8 [[file {""tn_l"":[""https:\/\/resizeist.doist.com?url=https%3A%2F%2Fi.ytimg.com%2Fvi%2Fjx52F4iLTL8%2Fhqdefault.jpg&maxheight=528"",528,528],""title"":""Cameraperson Official Trailer 1 (2016) - Documentary"",""url"":""https:\/\/www.youtube.com\/watch?v=jx52F4iLTL8"",""image"":""https:\/\/i.ytimg.com\/vi\/jx52F4iLTL8\/hqdefault.jpg"",""tn_s"":[""https:\/\/resizeist.doist.com?url=https%3A%2F%2Fi.ytimg.com%2Fvi%2Fjx52F4iLTL8%2Fhqdefault.jpg&maxheight=96"",96,96],""image_width"":480,""tn_m"":[""https:\/\/resizeist.doist.com?url=https%3A%2F%2Fi.ytimg.com%2Fvi%2Fjx52F4iLTL8%2Fhqdefault.jpg&maxheight=288"",288,288],""image_height"":360,""resource_type"":""video""}]]",,,David (3126546),,,,
note,"http://www.bfi.org.uk/news-opinion/sight-sound-magazine/comment/unfiction/myth-authenticity-limits-access-under-sun [[file {""tn_l"":[""https:\/\/resizeist.doist.com?url=http%3A%2F%2Fwww.bfi.org.uk%2Fsites%2Fbfi.org.uk%2Ffiles%2Ffb-images%2Funder-the-sun-2015-002-two-girls-steering-smile-under-poster-of-kims_1000x750.jpg&maxheight=528"",528,528],""description"":""We live in an era of great phoniness in our culture and politics, so it makes sense that many viewers look to documentaries for authenticity. From Donald Trump and Nigel Farage to the nearly 100 million selfies taken around the world each day, our ordinary..."",""title"":""The myth of authenticity and the limits of access: Under the Sun, Cameraperson and the Kiarostami-esque sublime | Unfiction"",""url"":""http:\/\/www.bfi.org.uk\/news-opinion\/sight-sound-magazine\/comment\/unfiction\/myth-authenticity-limits-access-under-sun"",""image"":""http:\/\/www.bfi.org.uk\/sites\/bfi.org.uk\/files\/fb-images\/under-the-sun-2015-002-two-girls-steering-smile-under-poster-of-kims_1000x750.jpg"",""tn_s"":[""https:\/\/resizeist.doist.com?url=http%3A%2F%2Fwww.bfi.org.uk%2Fsites%2Fbfi.org.uk%2Ffiles%2Ffb-images%2Funder-the-sun-2015-002-two-girls-steering-smile-under-poster-of-kims_1000x750.jpg&maxheight=96"",96,96],""image_width"":1000,""tn_m"":[""https:\/\/resizeist.doist.com?url=http%3A%2F%2Fwww.bfi.org.uk%2Fsites%2Fbfi.org.uk%2Ffiles%2Ffb-images%2Funder-the-sun-2015-002-two-girls-steering-smile-under-poster-of-kims_1000x750.jpg&maxheight=288"",288,288],""image_height"":750,""resource_type"":""website""}]]",,,David (3126546),,,,
note,"http://www.imdb.com/title/tt5375040/ [[file {""tn_l"":[""https:\/\/resizeist.doist.com?url=https%3A%2F%2Fimages-na.ssl-images-amazon.com%2Fimages%2FM%2FMV5BMDRhMjUwYjUtYzU3OC00NTQ4LTk4MTktOGI0ODU4NmYzZWU0XkEyXkFqcGdeQXVyNDk4NTEzMTc%40._V1_UY1200_CR90%2C0%2C630%2C1200_AL_.jpg&maxheight=528"",528,528],""description"":""Directed by Kirsten Johnson.  With Kirsten Johnson. Exposing her role behind the camera, Kirsten Johnson reaches into the vast trove of footage she has shot over decades around the world. What emerges is a visually bold memoir and a revelatory interrogatio..."",""title"":""Cameraperson (2016)"",""url"":""http:\/\/www.imdb.com\/title\/tt5375040\/"",""image"":""https:\/\/images-na.ssl-images-amazon.com\/images\/M\/MV5BMDRhMjUwYjUtYzU3OC00NTQ4LTk4MTktOGI0ODU4NmYzZWU0XkEyXkFqcGdeQXVyNDk4NTEzMTc@._V1_UY1200_CR90,0,630,1200_AL_.jpg"",""tn_s"":[""https:\/\/resizeist.doist.com?url=https%3A%2F%2Fimages-na.ssl-images-amazon.com%2Fimages%2FM%2FMV5BMDRhMjUwYjUtYzU3OC00NTQ4LTk4MTktOGI0ODU4NmYzZWU0XkEyXkFqcGdeQXVyNDk4NTEzMTc%40._V1_UY1200_CR90%2C0%2C630%2C1200_AL_.jpg&maxheight=96"",96,96],""image_width"":630,""tn_m"":[""https:\/\/resizeist.doist.com?url=https%3A%2F%2Fimages-na.ssl-images-amazon.com%2Fimages%2FM%2FMV5BMDRhMjUwYjUtYzU3OC00NTQ4LTk4MTktOGI0ODU4NmYzZWU0XkEyXkFqcGdeQXVyNDk4NTEzMTc%40._V1_UY1200_CR90%2C0%2C630%2C1200_AL_.jpg&maxheight=288"",288,288],""image_height"":1200,""resource_type"":""video.movie""}]]",,,David (3126546),,,,
,,,,,,,,
task,=16. La La Land,4,1,David (3126546),,,en,Europe/London
note,"https://www.youtube.com/watch?v=0pdqf4P9MB8 [[file {""tn_l"":[""https:\/\/resizeist.doist.com?url=https%3A%2F%2Fi.ytimg.com%2Fvi%2F0pdqf4P9MB8%2Fhqdefault.jpg&maxheight=528"",528,528],""title"":""La La Land (2016 Movie) Official Trailer \u2013 'Dreamers'"",""url"":""https:\/\/www.youtube.com\/watch?v=0pdqf4P9MB8"",""image"":""https:\/\/i.ytimg.com\/vi\/0pdqf4P9MB8\/hqdefault.jpg"",""tn_s"":[""https:\/\/resizeist.doist.com?url=https%3A%2F%2Fi.ytimg.com%2Fvi%2F0pdqf4P9MB8%2Fhqdefault.jpg&maxheight=96"",96,96],""image_width"":480,""tn_m"":[""https:\/\/resizeist.doist.com?url=https%3A%2F%2Fi.ytimg.com%2Fvi%2F0pdqf4P9MB8%2Fhqdefault.jpg&maxheight=288"",288,288],""image_height"":360,""resource_type"":""video""}]]",,,David (3126546),,,,
note,"http://www.bfi.org.uk/news-opinion/sight-sound-magazine/reviews-recommendations/la-la-land-first-look [[file {""tn_l"":[""https:\/\/resizeist.doist.com?url=http%3A%2F%2Fwww.bfi.org.uk%2Fsites%2Fbfi.org.uk%2Ffiles%2Ffb-images%2Fla-la-land-2016-002-ryan-gosling-emma-stone-crossing-los-angeles-bridge_1000x750.jpg&maxheight=528"",528,528],""description"":""What price the Hollywood musical in 2016? If the genre has never entirely gone away (Rob Marshall keeps plugging away, and animated features regularly carry a tune or ten) it certainly appears to be on its last legs\u2026 but perhaps the third film from Damien ..."",""title"":""La La Land \u2013 first-look review | Sight & Sound"",""url"":""http:\/\/www.bfi.org.uk\/news-opinion\/sight-sound-magazine\/reviews-recommendations\/la-la-land-first-look"",""image"":""http:\/\/www.bfi.org.uk\/sites\/bfi.org.uk\/files\/fb-images\/la-la-land-2016-002-ryan-gosling-emma-stone-crossing-los-angeles-bridge_1000x750.jpg"",""tn_s"":[""https:\/\/resizeist.doist.com?url=http%3A%2F%2Fwww.bfi.org.uk%2Fsites%2Fbfi.org.uk%2Ffiles%2Ffb-images%2Fla-la-land-2016-002-ryan-gosling-emma-stone-crossing-los-angeles-bridge_1000x750.jpg&maxheight=96"",96,96],""image_width"":1000,""tn_m"":[""https:\/\/resizeist.doist.com?url=http%3A%2F%2Fwww.bfi.org.uk%2Fsites%2Fbfi.org.uk%2Ffiles%2Ffb-images%2Fla-la-land-2016-002-ryan-gosling-emma-stone-crossing-los-angeles-bridge_1000x750.jpg&maxheight=288"",288,288],""image_height"":750,""resource_type"":""website""}]]",,,David (3126546),,,,
note,"http://www.imdb.com/title/tt3783958/ [[file {""tn_l"":[""https:\/\/resizeist.doist.com?url=https%3A%2F%2Fimages-na.ssl-images-amazon.com%2Fimages%2FM%2FMV5BMzUzNDM2NzM2MV5BMl5BanBnXkFtZTgwNTM3NTg4OTE%40._V1_UY1200_CR90%2C0%2C630%2C1200_AL_.jpg&maxheight=528"",528,528],""description"":""Directed by Damien Chazelle.  With Ryan Gosling, Emma Stone, Ami\u00e9e Conn, Terry Walters. A jazz pianist falls for an aspiring actress in Los Angeles."",""title"":""La La Land (2016)"",""url"":""http:\/\/www.imdb.com\/title\/tt3783958\/"",""image"":""https:\/\/images-na.ssl-images-amazon.com\/images\/M\/MV5BMzUzNDM2NzM2MV5BMl5BanBnXkFtZTgwNTM3NTg4OTE@._V1_UY1200_CR90,0,630,1200_AL_.jpg"",""tn_s"":[""https:\/\/resizeist.doist.com?url=https%3A%2F%2Fimages-na.ssl-images-amazon.com%2Fimages%2FM%2FMV5BMzUzNDM2NzM2MV5BMl5BanBnXkFtZTgwNTM3NTg4OTE%40._V1_UY1200_CR90%2C0%2C630%2C1200_AL_.jpg&maxheight=96"",96,96],""image_width"":630,""tn_m"":[""https:\/\/resizeist.doist.com?url=https%3A%2F%2Fimages-na.ssl-images-amazon.com%2Fimages%2FM%2FMV5BMzUzNDM2NzM2MV5BMl5BanBnXkFtZTgwNTM3NTg4OTE%40._V1_UY1200_CR90%2C0%2C630%2C1200_AL_.jpg&maxheight=288"",288,288],""image_height"":1200,""resource_type"":""video.movie""}]]",,,David (3126546),,,,
,,,,,,,,
task,18. Love & Friendship,4,1,David (3126546),,,en,Europe/London
note,"https://www.youtube.com/watch?v=KhvyupqNhL8 [[file {""tn_l"":[""https:\/\/resizeist.doist.com?url=https%3A%2F%2Fi.ytimg.com%2Fvi%2FKhvyupqNhL8%2Fhqdefault.jpg&maxheight=528"",528,528],""title"":""Love & Friendship Official Trailer [2016 HD] [Drama]"",""url"":""https:\/\/www.youtube.com\/watch?v=KhvyupqNhL8"",""image"":""https:\/\/i.ytimg.com\/vi\/KhvyupqNhL8\/hqdefault.jpg"",""tn_s"":[""https:\/\/resizeist.doist.com?url=https%3A%2F%2Fi.ytimg.com%2Fvi%2FKhvyupqNhL8%2Fhqdefault.jpg&maxheight=96"",96,96],""image_width"":480,""tn_m"":[""https:\/\/resizeist.doist.com?url=https%3A%2F%2Fi.ytimg.com%2Fvi%2FKhvyupqNhL8%2Fhqdefault.jpg&maxheight=288"",288,288],""image_height"":360,""resource_type"":""video""}]]",,,David (3126546),,,,
note,"http://www.bfi.org.uk/news-opinion/sight-sound-magazine/reviews-recommendations/film-week-love-friendship [[file {""tn_l"":[""https:\/\/resizeist.doist.com?url=http%3A%2F%2Fwww.bfi.org.uk%2Fsites%2Fbfi.org.uk%2Ffiles%2Ffb-images%2Flove-and-friendship-2016-002-kate-beckinsale-making-eyes-at-xavier-decourcy_1000x750_0.jpg&maxheight=528"",528,528],""description"":""\u201cYou mean she\u2019s dumped Ted and gone back to Ramone because of some conversation?\u201d asks an irritable Fred of Marta, his date, in Whit Stillman\u2019s Barcelona (1994). The naval officer\u2019s appalled tone, his looking aghast, makes us laugh, because Barcelona is al..."",""title"":""Film of the week: Love & Friendship | Sight & Sound"",""url"":""http:\/\/www.bfi.org.uk\/news-opinion\/sight-sound-magazine\/reviews-recommendations\/film-week-love-friendship"",""image"":""http:\/\/www.bfi.org.uk\/sites\/bfi.org.uk\/files\/fb-images\/love-and-friendship-2016-002-kate-beckinsale-making-eyes-at-xavier-decourcy_1000x750_0.jpg"",""tn_s"":[""https:\/\/resizeist.doist.com?url=http%3A%2F%2Fwww.bfi.org.uk%2Fsites%2Fbfi.org.uk%2Ffiles%2Ffb-images%2Flove-and-friendship-2016-002-kate-beckinsale-making-eyes-at-xavier-decourcy_1000x750_0.jpg&maxheight=96"",96,96],""image_width"":1000,""tn_m"":[""https:\/\/resizeist.doist.com?url=http%3A%2F%2Fwww.bfi.org.uk%2Fsites%2Fbfi.org.uk%2Ffiles%2Ffb-images%2Flove-and-friendship-2016-002-kate-beckinsale-making-eyes-at-xavier-decourcy_1000x750_0.jpg&maxheight=288"",288,288],""image_height"":750,""resource_type"":""website""}]]",,,David (3126546),,,,
note,"http://www.imdb.com/title/tt3068194/ [[file {""tn_l"":[""https:\/\/resizeist.doist.com?url=https%3A%2F%2Fimages-na.ssl-images-amazon.com%2Fimages%2FM%2FMV5BMTQ3NTQ2NjMwMV5BMl5BanBnXkFtZTgwOTk3Njk0ODE%40._V1_UY1200_CR90%2C0%2C630%2C1200_AL_.jpg&maxheight=528"",528,528],""description"":""Directed by Whit Stillman.  With Kate Beckinsale, Chlo\u00eb Sevigny, Xavier Samuel, Emma Greenwell. Lady Susan Vernon takes up temporary residence at her in-laws' estate and, while there, is determined to be a matchmaker for her daughter Frederica -- and herse..."",""title"":""Love & Friendship (2016)"",""url"":""http:\/\/www.imdb.com\/title\/tt3068194\/"",""image"":""https:\/\/images-na.ssl-images-amazon.com\/images\/M\/MV5BMTQ3NTQ2NjMwMV5BMl5BanBnXkFtZTgwOTk3Njk0ODE@._V1_UY1200_CR90,0,630,1200_AL_.jpg"",""tn_s"":[""https:\/\/resizeist.doist.com?url=https%3A%2F%2Fimages-na.ssl-images-amazon.com%2Fimages%2FM%2FMV5BMTQ3NTQ2NjMwMV5BMl5BanBnXkFtZTgwOTk3Njk0ODE%40._V1_UY1200_CR90%2C0%2C630%2C1200_AL_.jpg&maxheight=96"",96,96],""image_width"":630,""tn_m"":[""https:\/\/resizeist.doist.com?url=https%3A%2F%2Fimages-na.ssl-images-amazon.com%2Fimages%2FM%2FMV5BMTQ3NTQ2NjMwMV5BMl5BanBnXkFtZTgwOTk3Njk0ODE%40._V1_UY1200_CR90%2C0%2C630%2C1200_AL_.jpg&maxheight=288"",288,288],""image_height"":1200,""resource_type"":""video.movie""}]]",,,David (3126546),,,,
,,,,,,,,
task,=19. Aquarius,4,1,David (3126546),,,en,Europe/London
note,"https://www.youtube.com/watch?v=0Zln78CcFkA [[file {""tn_l"":[""https:\/\/resizeist.doist.com?url=https%3A%2F%2Fi.ytimg.com%2Fvi%2F0Zln78CcFkA%2Fhqdefault.jpg&maxheight=528"",528,528],""title"":""Aquarius Official Trailer 1 (2016) - Sonia Braga Movie"",""url"":""https:\/\/www.youtube.com\/watch?v=0Zln78CcFkA"",""image"":""https:\/\/i.ytimg.com\/vi\/0Zln78CcFkA\/hqdefault.jpg"",""tn_s"":[""https:\/\/resizeist.doist.com?url=https%3A%2F%2Fi.ytimg.com%2Fvi%2F0Zln78CcFkA%2Fhqdefault.jpg&maxheight=96"",96,96],""image_width"":480,""tn_m"":[""https:\/\/resizeist.doist.com?url=https%3A%2F%2Fi.ytimg.com%2Fvi%2F0Zln78CcFkA%2Fhqdefault.jpg&maxheight=288"",288,288],""image_height"":360,""resource_type"":""video""}]]",,,David (3126546),,,,
note,"http://www.bfi.org.uk/news-opinion/sight-sound-magazine/reviews-recommendations/aquarius-first-look [[file {""tn_l"":[""https:\/\/resizeist.doist.com?url=http%3A%2F%2Fwww.bfi.org.uk%2Fsites%2Fbfi.org.uk%2Ffiles%2Ffb-images%2Faquarius-2016-002-sonia-braga-walking-outside_1000x750.jpg&maxheight=528"",528,528],""description"":""A work of resolute social consciousness, Brazilian filmmaker Kleber Mendon\u00e7a Filho\u2019s second feature and followup to his well-regarded Neighbouring Sounds (2012) is at once a refinement and a deepening of the social and stylistic preoccupations laid out so ..."",""title"":""Kleber Mendon\u00e7a Filho\u2019s Aquarius (2016) \u2013 first-look review | Sight & Sound"",""url"":""http:\/\/www.bfi.org.uk\/news-opinion\/sight-sound-magazine\/reviews-recommendations\/aquarius-first-look"",""image"":""http:\/\/www.bfi.org.uk\/sites\/bfi.org.uk\/files\/fb-images\/aquarius-2016-002-sonia-braga-walking-outside_1000x750.jpg"",""tn_s"":[""https:\/\/resizeist.doist.com?url=http%3A%2F%2Fwww.bfi.org.uk%2Fsites%2Fbfi.org.uk%2Ffiles%2Ffb-images%2Faquarius-2016-002-sonia-braga-walking-outside_1000x750.jpg&maxheight=96"",96,96],""image_width"":1000,""tn_m"":[""https:\/\/resizeist.doist.com?url=http%3A%2F%2Fwww.bfi.org.uk%2Fsites%2Fbfi.org.uk%2Ffiles%2Ffb-images%2Faquarius-2016-002-sonia-braga-walking-outside_1000x750.jpg&maxheight=288"",288,288],""image_height"":750,""resource_type"":""website""}]]",,,David (3126546),,,,
note,"http://www.imdb.com/title/tt5221584/ [[file {""tn_l"":[""https:\/\/resizeist.doist.com?url=https%3A%2F%2Fimages-na.ssl-images-amazon.com%2Fimages%2FM%2FMV5BMjg0NTc2MTM4M15BMl5BanBnXkFtZTgwMjIyMjc4ODE%40._V1_UY1200_CR122%2C0%2C630%2C1200_AL_.jpg&maxheight=528"",528,528],""description"":""Directed by Kleber Mendon\u00e7a Filho.  With Sonia Braga, Maeve Jinkings, Irandhir Santos, Humberto Carr\u00e3o. Clara, a 65 year old widow and retired music critic, was born into a wealthy and traditional family in Recife, Brazil. She is the last resident of the A..."",""title"":""Aquarius (2016)"",""url"":""http:\/\/www.imdb.com\/title\/tt5221584\/"",""image"":""https:\/\/images-na.ssl-images-amazon.com\/images\/M\/MV5BMjg0NTc2MTM4M15BMl5BanBnXkFtZTgwMjIyMjc4ODE@._V1_UY1200_CR122,0,630,1200_AL_.jpg"",""tn_s"":[""https:\/\/resizeist.doist.com?url=https%3A%2F%2Fimages-na.ssl-images-amazon.com%2Fimages%2FM%2FMV5BMjg0NTc2MTM4M15BMl5BanBnXkFtZTgwMjIyMjc4ODE%40._V1_UY1200_CR122%2C0%2C630%2C1200_AL_.jpg&maxheight=96"",96,96],""image_width"":630,""tn_m"":[""https:\/\/resizeist.doist.com?url=https%3A%2F%2Fimages-na.ssl-images-amazon.com%2Fimages%2FM%2FMV5BMjg0NTc2MTM4M15BMl5BanBnXkFtZTgwMjIyMjc4ODE%40._V1_UY1200_CR122%2C0%2C630%2C1200_AL_.jpg&maxheight=288"",288,288],""image_height"":1200,""resource_type"":""video.movie""}]]",,,David (3126546),,,,
,,,,,,,,
task,=19. Victoria,4,1,David (3126546),,,en,Europe/London
note,"https://www.youtube.com/watch?v=Kp8wcV3GjW0 [[file {""tn_l"":[""https:\/\/resizeist.doist.com?url=https%3A%2F%2Fi.ytimg.com%2Fvi%2FKp8wcV3GjW0%2Fhqdefault.jpg&maxheight=528"",528,528],""title"":""Victoria Official Trailer 1 (2015) - Thriller HD"",""url"":""https:\/\/www.youtube.com\/watch?v=Kp8wcV3GjW0"",""image"":""https:\/\/i.ytimg.com\/vi\/Kp8wcV3GjW0\/hqdefault.jpg"",""tn_s"":[""https:\/\/resizeist.doist.com?url=https%3A%2F%2Fi.ytimg.com%2Fvi%2FKp8wcV3GjW0%2Fhqdefault.jpg&maxheight=96"",96,96],""image_width"":480,""tn_m"":[""https:\/\/resizeist.doist.com?url=https%3A%2F%2Fi.ytimg.com%2Fvi%2FKp8wcV3GjW0%2Fhqdefault.jpg&maxheight=288"",288,288],""image_height"":360,""resource_type"":""video""}]]",,,David (3126546),,,,
note,"http://www.bfi.org.uk/news-opinion/sight-sound-magazine/reviews-recommendations/film-week-victoria [[file {""tn_l"":[""https:\/\/resizeist.doist.com?url=http%3A%2F%2Fwww.bfi.org.uk%2Fsites%2Fbfi.org.uk%2Ffiles%2Ffb-images%2Fvictoria-2015-003-victoria-dancing_1000x750.jpg&maxheight=528"",528,528],""description"":""Sebastian Schipper\u2019s low-budget drama about a reckless young girl\u2019s excursion into the world of crime would be an ordinary enough affair were it not for the astonishing fact that he and cinematographer Sturla Brandth Gr\u00f8vlen shot the whole 138 minutes in a..."",""title"":""Film of the week: Victoria | Sight & Sound"",""url"":""http:\/\/www.bfi.org.uk\/news-opinion\/sight-sound-magazine\/reviews-recommendations\/film-week-victoria"",""image"":""http:\/\/www.bfi.org.uk\/sites\/bfi.org.uk\/files\/fb-images\/victoria-2015-003-victoria-dancing_1000x750.jpg"",""tn_s"":[""https:\/\/resizeist.doist.com?url=http%3A%2F%2Fwww.bfi.org.uk%2Fsites%2Fbfi.org.uk%2Ffiles%2Ffb-images%2Fvictoria-2015-003-victoria-dancing_1000x750.jpg&maxheight=96"",96,96],""image_width"":1000,""tn_m"":[""https:\/\/resizeist.doist.com?url=http%3A%2F%2Fwww.bfi.org.uk%2Fsites%2Fbfi.org.uk%2Ffiles%2Ffb-images%2Fvictoria-2015-003-victoria-dancing_1000x750.jpg&maxheight=288"",288,288],""image_height"":750,""resource_type"":""website""}]]",,,David (3126546),,,,
note,"http://www.imdb.com/title/tt4226388/ [[file {""tn_l"":[""https:\/\/resizeist.doist.com?url=https%3A%2F%2Fimages-na.ssl-images-amazon.com%2Fimages%2FM%2FMV5BMTc5NzQzNjk2NF5BMl5BanBnXkFtZTgwODU0MjI5NjE%40._V1_UY1200_CR95%2C0%2C630%2C1200_AL_.jpg&maxheight=528"",528,528],""description"":""Directed by Sebastian Schipper.  With Laia Costa, Frederick Lau, Franz Rogowski, Burak Yigit. A young Spanish woman who has newly moved to Berlin finds her flirtation with a local guy turn potentially deadly as their night out with his friends reveals a da..."",""title"":""Victoria (2015)"",""url"":""http:\/\/www.imdb.com\/title\/tt4226388\/"",""image"":""https:\/\/images-na.ssl-images-amazon.com\/images\/M\/MV5BMTc5NzQzNjk2NF5BMl5BanBnXkFtZTgwODU0MjI5NjE@._V1_UY1200_CR95,0,630,1200_AL_.jpg"",""tn_s"":[""https:\/\/resizeist.doist.com?url=https%3A%2F%2Fimages-na.ssl-images-amazon.com%2Fimages%2FM%2FMV5BMTc5NzQzNjk2NF5BMl5BanBnXkFtZTgwODU0MjI5NjE%40._V1_UY1200_CR95%2C0%2C630%2C1200_AL_.jpg&maxheight=96"",96,96],""image_width"":630,""tn_m"":[""https:\/\/resizeist.doist.com?url=https%3A%2F%2Fimages-na.ssl-images-amazon.com%2Fimages%2FM%2FMV5BMTc5NzQzNjk2NF5BMl5BanBnXkFtZTgwODU0MjI5NjE%40._V1_UY1200_CR95%2C0%2C630%2C1200_AL_.jpg&maxheight=288"",288,288],""image_height"":1200,""resource_type"":""video.movie""}]]",,,David (3126546),,,,
,,,,,,,,
task,=21. Embrace of the Serpent,4,1,David (3126546),,,en,Europe/London
note,"https://www.youtube.com/watch?v=vS73P3hZvPA [[file {""tn_l"":[""https:\/\/resizeist.doist.com?url=https%3A%2F%2Fi.ytimg.com%2Fvi%2FvS73P3hZvPA%2Fhqdefault.jpg&maxheight=528"",528,528],""title"":""EMBRACE OF THE SERPENT Trailer | Festival 2015"",""url"":""https:\/\/www.youtube.com\/watch?v=vS73P3hZvPA"",""image"":""https:\/\/i.ytimg.com\/vi\/vS73P3hZvPA\/hqdefault.jpg"",""tn_s"":[""https:\/\/resizeist.doist.com?url=https%3A%2F%2Fi.ytimg.com%2Fvi%2FvS73P3hZvPA%2Fhqdefault.jpg&maxheight=96"",96,96],""image_width"":480,""tn_m"":[""https:\/\/resizeist.doist.com?url=https%3A%2F%2Fi.ytimg.com%2Fvi%2FvS73P3hZvPA%2Fhqdefault.jpg&maxheight=288"",288,288],""image_height"":360,""resource_type"":""video""}]]",,,David (3126546),,,,
note,"http://www.bfi.org.uk/news-opinion/sight-sound-magazine/reviews-recommendations/embrace-serpent-review-ciro-guerra-amazonian-treasure [[file {""tn_l"":[""https:\/\/resizeist.doist.com?url=http%3A%2F%2Fwww.bfi.org.uk%2Fsites%2Fbfi.org.uk%2Ffiles%2Ffb-images%2Fembrace-of-the-serpent-2015-006-theo-approaching-old-karamakate-in-front-of-volcano_1000x750.jpg&maxheight=528"",528,528],""description"":""It\u2019s not surprising that Embrace of the Serpent is the first Colombian feature to be nominated for an Oscar. Its director, Ciro Guerra, is a precocious filmmaker who shares the great Latin knack for telling stories that are politically and culturally speci..."",""title"":""Embrace of the Serpent review: a true Amazonian treasure | Sight & Sound"",""url"":""http:\/\/www.bfi.org.uk\/news-opinion\/sight-sound-magazine\/reviews-recommendations\/embrace-serpent-review-ciro-guerra-amazonian-treasure"",""image"":""http:\/\/www.bfi.org.uk\/sites\/bfi.org.uk\/files\/fb-images\/embrace-of-the-serpent-2015-006-theo-approaching-old-karamakate-in-front-of-volcano_1000x750.jpg"",""tn_s"":[""https:\/\/resizeist.doist.com?url=http%3A%2F%2Fwww.bfi.org.uk%2Fsites%2Fbfi.org.uk%2Ffiles%2Ffb-images%2Fembrace-of-the-serpent-2015-006-theo-approaching-old-karamakate-in-front-of-volcano_1000x750.jpg&maxheight=96"",96,96],""image_width"":1000,""tn_m"":[""https:\/\/resizeist.doist.com?url=http%3A%2F%2Fwww.bfi.org.uk%2Fsites%2Fbfi.org.uk%2Ffiles%2Ffb-images%2Fembrace-of-the-serpent-2015-006-theo-approaching-old-karamakate-in-front-of-volcano_1000x750.jpg&maxheight=288"",288,288],""image_height"":750,""resource_type"":""website""}]]",,,David (3126546),,,,
note,"http://www.imdb.com/title/tt4285496/ [[file {""tn_l"":[""https:\/\/resizeist.doist.com?url=https%3A%2F%2Fimages-na.ssl-images-amazon.com%2Fimages%2FM%2FMV5BMjIwNjA0NzM3Ml5BMl5BanBnXkFtZTgwNjU4NTQ0NzE%40._V1_UY1200_CR90%2C0%2C630%2C1200_AL_.jpg&maxheight=528"",528,528],""description"":""Directed by Ciro Guerra.  With Nilbio Torres, Jan Bijvoet, Antonio Bolivar, Brionne Davis. The story of the relationship between Karamakate, an Amazonian shaman and last survivor of his people, and two scientists who work together over the course of 40 yea..."",""title"":""Embrace of the Serpent (2015)"",""url"":""http:\/\/www.imdb.com\/title\/tt4285496\/"",""image"":""https:\/\/images-na.ssl-images-amazon.com\/images\/M\/MV5BMjIwNjA0NzM3Ml5BMl5BanBnXkFtZTgwNjU4NTQ0NzE@._V1_UY1200_CR90,0,630,1200_AL_.jpg"",""tn_s"":[""https:\/\/resizeist.doist.com?url=https%3A%2F%2Fimages-na.ssl-images-amazon.com%2Fimages%2FM%2FMV5BMjIwNjA0NzM3Ml5BMl5BanBnXkFtZTgwNjU4NTQ0NzE%40._V1_UY1200_CR90%2C0%2C630%2C1200_AL_.jpg&maxheight=96"",96,96],""image_width"":630,""tn_m"":[""https:\/\/resizeist.doist.com?url=https%3A%2F%2Fimages-na.ssl-images-amazon.com%2Fimages%2FM%2FMV5BMjIwNjA0NzM3Ml5BMl5BanBnXkFtZTgwNjU4NTQ0NzE%40._V1_UY1200_CR90%2C0%2C630%2C1200_AL_.jpg&maxheight=288"",288,288],""image_height"":1200,""resource_type"":""video.movie""}]]",,,David (3126546),,,,
,,,,,,,,
task,=21. Everybody Wants Some!!,4,1,David (3126546),,,en,Europe/London
note,"https://www.youtube.com/watch?v=y6raUs0CiCQ [[file {""tn_l"":[""https:\/\/resizeist.doist.com?url=https%3A%2F%2Fi.ytimg.com%2Fvi%2Fy6raUs0CiCQ%2Fhqdefault.jpg&maxheight=528"",528,528],""title"":""Everybody Wants Some!! Official Trailer #1 (2016) -  Glen Powell, Tyler Hoechlin Comedy HD"",""url"":""https:\/\/www.youtube.com\/watch?v=y6raUs0CiCQ"",""image"":""https:\/\/i.ytimg.com\/vi\/y6raUs0CiCQ\/hqdefault.jpg"",""tn_s"":[""https:\/\/resizeist.doist.com?url=https%3A%2F%2Fi.ytimg.com%2Fvi%2Fy6raUs0CiCQ%2Fhqdefault.jpg&maxheight=96"",96,96],""image_width"":480,""tn_m"":[""https:\/\/resizeist.doist.com?url=https%3A%2F%2Fi.ytimg.com%2Fvi%2Fy6raUs0CiCQ%2Fhqdefault.jpg&maxheight=288"",288,288],""image_height"":360,""resource_type"":""video""}]]",,,David (3126546),,,,
note,http://www.bfi.org.uk/news-opinion/sight-sound-magazine/reviews-recommendations/film-week-everybody-wants-some,,,David (3126546),,,,
note,"http://www.imdb.com/title/tt2937696/ [[file {""tn_l"":[""https:\/\/resizeist.doist.com?url=https%3A%2F%2Fimages-na.ssl-images-amazon.com%2Fimages%2FM%2FMV5BMTk2NDcyNDE5N15BMl5BanBnXkFtZTgwNDA0MzQ1NzE%40._V1_UY1200_CR70%2C0%2C630%2C1200_AL_.jpg&maxheight=528"",528,528],""description"":""Directed by Richard Linklater.  With Blake Jenner, Tyler Hoechlin, Ryan Guzman, Zoey Deutch. A group of college baseball players navigate their way through the freedoms and responsibilities of unsupervised adulthood."",""title"":""Everybody Wants Some!! (2016)"",""url"":""http:\/\/www.imdb.com\/title\/tt2937696\/"",""image"":""https:\/\/images-na.ssl-images-amazon.com\/images\/M\/MV5BMTk2NDcyNDE5N15BMl5BanBnXkFtZTgwNDA0MzQ1NzE@._V1_UY1200_CR70,0,630,1200_AL_.jpg"",""tn_s"":[""https:\/\/resizeist.doist.com?url=https%3A%2F%2Fimages-na.ssl-images-amazon.com%2Fimages%2FM%2FMV5BMTk2NDcyNDE5N15BMl5BanBnXkFtZTgwNDA0MzQ1NzE%40._V1_UY1200_CR70%2C0%2C630%2C1200_AL_.jpg&maxheight=96"",96,96],""image_width"":630,""tn_m"":[""https:\/\/resizeist.doist.com?url=https%3A%2F%2Fimages-na.ssl-images-amazon.com%2Fimages%2FM%2FMV5BMTk2NDcyNDE5N15BMl5BanBnXkFtZTgwNDA0MzQ1NzE%40._V1_UY1200_CR70%2C0%2C630%2C1200_AL_.jpg&maxheight=288"",288,288],""image_height"":1200,""resource_type"":""video.movie""}]]",,,David (3126546),,,,
,,,,,,,,
task,=21. Evolution,4,1,David (3126546),,,en,Europe/London
note,"https://www.youtube.com/watch?v=d2UL057CfLc [[file {""tn_l"":[""https:\/\/resizeist.doist.com?url=https%3A%2F%2Fi.ytimg.com%2Fvi%2Fd2UL057CfLc%2Fhqdefault.jpg&maxheight=528"",528,528],""title"":""Evolution Official Trailer 1 (2016) - Max Brebant Movi"",""url"":""https:\/\/www.youtube.com\/watch?v=d2UL057CfLc"",""image"":""https:\/\/i.ytimg.com\/vi\/d2UL057CfLc\/hqdefault.jpg"",""tn_s"":[""https:\/\/resizeist.doist.com?url=https%3A%2F%2Fi.ytimg.com%2Fvi%2Fd2UL057CfLc%2Fhqdefault.jpg&maxheight=96"",96,96],""image_width"":480,""tn_m"":[""https:\/\/resizeist.doist.com?url=https%3A%2F%2Fi.ytimg.com%2Fvi%2Fd2UL057CfLc%2Fhqdefault.jpg&maxheight=288"",288,288],""image_height"":360,""resource_type"":""video""}]]",,,David (3126546),,,,
note,"http://www.bfi.org.uk/news-opinion/sight-sound-magazine/reviews-recommendations/film-week-evolution [[file {""tn_l"":[""https:\/\/resizeist.doist.com?url=http%3A%2F%2Fwww.bfi.org.uk%2Fsites%2Fbfi.org.uk%2Ffiles%2Ffb-images%2Fevolution-2015-003-underwater-landscape_1000x750.jpg&maxheight=528"",528,528],""description"":""Should we begin with the starfish? It seems inevitable, since it appears at the start of Lucile Hadzihalilovic\u2019s two feature films to date. In Innocence (2004), it was a decorative emblem on the coffin that transported the new girl to a secluded boarding s..."",""title"":""Film of the week: Evolution | Sight & Sound"",""url"":""http:\/\/www.bfi.org.uk\/news-opinion\/sight-sound-magazine\/reviews-recommendations\/film-week-evolution"",""image"":""http:\/\/www.bfi.org.uk\/sites\/bfi.org.uk\/files\/fb-images\/evolution-2015-003-underwater-landscape_1000x750.jpg"",""tn_s"":[""https:\/\/resizeist.doist.com?url=http%3A%2F%2Fwww.bfi.org.uk%2Fsites%2Fbfi.org.uk%2Ffiles%2Ffb-images%2Fevolution-2015-003-underwater-landscape_1000x750.jpg&maxheight=96"",96,96],""image_width"":1000,""tn_m"":[""https:\/\/resizeist.doist.com?url=http%3A%2F%2Fwww.bfi.org.uk%2Fsites%2Fbfi.org.uk%2Ffiles%2Ffb-images%2Fevolution-2015-003-underwater-landscape_1000x750.jpg&maxheight=288"",288,288],""image_height"":750,""resource_type"":""website""}]]",,,David (3126546),,,,
note,"http://www.imdb.com/title/tt4291590/ [[file {""tn_l"":[""https:\/\/resizeist.doist.com?url=https%3A%2F%2Fimages-na.ssl-images-amazon.com%2Fimages%2FM%2FMV5BODIwM2NhODctODk2Ni00Y2QyLTlkZTMtNzhiYzg0NDQxZTMwXkEyXkFqcGdeQXVyNDUxNjc5NjY%40._V1_UY1200_CR133%2C0%2C630%2C1200_AL_.jpg&maxheight=528"",528,528],""description"":""Directed by Lucile Hadzihalilovic.  With Max Brebant, Roxane Duran, Julie-Marie Parmentier, Mathieu Goldfeld. The only residents of young Nicholas's seaside town are women and boys. When he sees a dead body in the ocean one day, he begins to question his e..."",""title"":""Evolution (2015)"",""url"":""http:\/\/www.imdb.com\/title\/tt4291590\/"",""image"":""https:\/\/images-na.ssl-images-amazon.com\/images\/M\/MV5BODIwM2NhODctODk2Ni00Y2QyLTlkZTMtNzhiYzg0NDQxZTMwXkEyXkFqcGdeQXVyNDUxNjc5NjY@._V1_UY1200_CR133,0,630,1200_AL_.jpg"",""tn_s"":[""https:\/\/resizeist.doist.com?url=https%3A%2F%2Fimages-na.ssl-images-amazon.com%2Fimages%2FM%2FMV5BODIwM2NhODctODk2Ni00Y2QyLTlkZTMtNzhiYzg0NDQxZTMwXkEyXkFqcGdeQXVyNDUxNjc5NjY%40._V1_UY1200_CR133%2C0%2C630%2C1200_AL_.jpg&maxheight=96"",96,96],""image_width"":630,""tn_m"":[""https:\/\/resizeist.doist.com?url=https%3A%2F%2Fimages-na.ssl-images-amazon.com%2Fimages%2FM%2FMV5BODIwM2NhODctODk2Ni00Y2QyLTlkZTMtNzhiYzg0NDQxZTMwXkEyXkFqcGdeQXVyNDUxNjc5NjY%40._V1_UY1200_CR133%2C0%2C630%2C1200_AL_.jpg&maxheight=288"",288,288],""image_height"":1200,""resource_type"":""video.movie""}]]",,,David (3126546),,,,
,,,,,,,,
task,=21. Hell or High Water,4,1,David (3126546),,,en,Europe/London
note,"https://www.youtube.com/watch?v=JQoqsKoJVDw [[file {""tn_l"":[""https:\/\/resizeist.doist.com?url=https%3A%2F%2Fi.ytimg.com%2Fvi%2FJQoqsKoJVDw%2Fhqdefault.jpg&maxheight=528"",528,528],""title"":""HELL OR HIGH WATER - Official Trailer HD"",""url"":""https:\/\/www.youtube.com\/watch?v=JQoqsKoJVDw"",""image"":""https:\/\/i.ytimg.com\/vi\/JQoqsKoJVDw\/hqdefault.jpg"",""tn_s"":[""https:\/\/resizeist.doist.com?url=https%3A%2F%2Fi.ytimg.com%2Fvi%2FJQoqsKoJVDw%2Fhqdefault.jpg&maxheight=96"",96,96],""image_width"":480,""tn_m"":[""https:\/\/resizeist.doist.com?url=https%3A%2F%2Fi.ytimg.com%2Fvi%2FJQoqsKoJVDw%2Fhqdefault.jpg&maxheight=288"",288,288],""image_height"":360,""resource_type"":""video""}]]",,,David (3126546),,,,
note,"http://www.bfi.org.uk/news-opinion/sight-sound-magazine/reviews-recommendations/film-week-hell-or-high-water [[file {""tn_l"":[""https:\/\/resizeist.doist.com?url=http%3A%2F%2Fwww.bfi.org.uk%2Fsites%2Fbfi.org.uk%2Ffiles%2Ffb-images%2Fhell-or-high-water-2016-001-two-men-around-pickup-truck_1000x750.jpg&maxheight=528"",528,528],""description"":""They still wear cowboy hats and carry guns, but the continuity between today\u2019s Texas heartland and the mythic western landscape that looms large in the American psyche may now be largely symbolic, if the stringent times faced by Chris Pine\u2019s family ranch a..."",""title"":""Film of the week: Hell or High Water | Sight & Sound"",""url"":""http:\/\/www.bfi.org.uk\/news-opinion\/sight-sound-magazine\/reviews-recommendations\/film-week-hell-or-high-water"",""image"":""http:\/\/www.bfi.org.uk\/sites\/bfi.org.uk\/files\/fb-images\/hell-or-high-water-2016-001-two-men-around-pickup-truck_1000x750.jpg"",""tn_s"":[""https:\/\/resizeist.doist.com?url=http%3A%2F%2Fwww.bfi.org.uk%2Fsites%2Fbfi.org.uk%2Ffiles%2Ffb-images%2Fhell-or-high-water-2016-001-two-men-around-pickup-truck_1000x750.jpg&maxheight=96"",96,96],""image_width"":1000,""tn_m"":[""https:\/\/resizeist.doist.com?url=http%3A%2F%2Fwww.bfi.org.uk%2Fsites%2Fbfi.org.uk%2Ffiles%2Ffb-images%2Fhell-or-high-water-2016-001-two-men-around-pickup-truck_1000x750.jpg&maxheight=288"",288,288],""image_height"":750,""resource_type"":""website""}]]",,,David (3126546),,,,
note,"http://www.imdb.com/title/tt2582782/ [[file {""tn_l"":[""https:\/\/resizeist.doist.com?url=https%3A%2F%2Fimages-na.ssl-images-amazon.com%2Fimages%2FM%2FMV5BMTg4NDA1OTA5NF5BMl5BanBnXkFtZTgwMDQ2MDM5ODE%40._V1_UY1200_CR90%2C0%2C630%2C1200_AL_.jpg&maxheight=528"",528,528],""description"":""Directed by David Mackenzie.  With Dale Dickey, Ben Foster, Chris Pine, William Sterchi. A divorced father and his ex-con older brother resort to a desperate scheme in order to save their family's ranch in West Texas."",""title"":""Hell or High Water (2016)"",""url"":""http:\/\/www.imdb.com\/title\/tt2582782\/"",""image"":""https:\/\/images-na.ssl-images-amazon.com\/images\/M\/MV5BMTg4NDA1OTA5NF5BMl5BanBnXkFtZTgwMDQ2MDM5ODE@._V1_UY1200_CR90,0,630,1200_AL_.jpg"",""tn_s"":[""https:\/\/resizeist.doist.com?url=https%3A%2F%2Fimages-na.ssl-images-amazon.com%2Fimages%2FM%2FMV5BMTg4NDA1OTA5NF5BMl5BanBnXkFtZTgwMDQ2MDM5ODE%40._V1_UY1200_CR90%2C0%2C630%2C1200_AL_.jpg&maxheight=96"",96,96],""image_width"":630,""tn_m"":[""https:\/\/resizeist.doist.com?url=https%3A%2F%2Fimages-na.ssl-images-amazon.com%2Fimages%2FM%2FMV5BMTg4NDA1OTA5NF5BMl5BanBnXkFtZTgwMDQ2MDM5ODE%40._V1_UY1200_CR90%2C0%2C630%2C1200_AL_.jpg&maxheight=288"",288,288],""image_height"":1200,""resource_type"":""video.movie""}]]",,,David (3126546),,,,
,,,,,,,,
task,=21. O.J.: Made in America,4,1,David (3126546),,,en,Europe/London
note,"https://www.youtube.com/watch?v=HrB3rOcrJxg [[file {""tn_l"":[""https:\/\/resizeist.doist.com?url=https%3A%2F%2Fi.ytimg.com%2Fvi%2FHrB3rOcrJxg%2Fhqdefault.jpg&maxheight=528"",528,528],""title"":""O.J.: Made in America - Trailer"",""url"":""https:\/\/www.youtube.com\/watch?v=HrB3rOcrJxg"",""image"":""https:\/\/i.ytimg.com\/vi\/HrB3rOcrJxg\/hqdefault.jpg"",""tn_s"":[""https:\/\/resizeist.doist.com?url=https%3A%2F%2Fi.ytimg.com%2Fvi%2FHrB3rOcrJxg%2Fhqdefault.jpg&maxheight=96"",96,96],""image_width"":480,""tn_m"":[""https:\/\/resizeist.doist.com?url=https%3A%2F%2Fi.ytimg.com%2Fvi%2FHrB3rOcrJxg%2Fhqdefault.jpg&maxheight=288"",288,288],""image_height"":360,""resource_type"":""video""}]]",,,David (3126546),,,,
note,"http://www.imdb.com/title/tt5275892/ [[file {""tn_l"":[""https:\/\/resizeist.doist.com?url=https%3A%2F%2Fimages-na.ssl-images-amazon.com%2Fimages%2FM%2FMV5BZDdmM2IzMjQtOTQzYy00NzAzLThkZTgtMGI4OWU5ODk3N2NhXkEyXkFqcGdeQXVyMTMxODk2OTU%40._V1_UY1200_CR89%2C0%2C630%2C1200_AL_.jpg&maxheight=528"",528,528],""description"":""Directed by Ezra Edelman.  With Bea Arthur, Marcia Clark, A.C. Cowlings, David Gascon. It is the defining cultural tale of modern America - a saga of race, celebrity, media, violence, and the criminal justice system. And two decades after its unforgettable..."",""title"":""O.J.: Made in America (2016)"",""url"":""http:\/\/www.imdb.com\/title\/tt5275892\/"",""image"":""https:\/\/images-na.ssl-images-amazon.com\/images\/M\/MV5BZDdmM2IzMjQtOTQzYy00NzAzLThkZTgtMGI4OWU5ODk3N2NhXkEyXkFqcGdeQXVyMTMxODk2OTU@._V1_UY1200_CR89,0,630,1200_AL_.jpg"",""tn_s"":[""https:\/\/resizeist.doist.com?url=https%3A%2F%2Fimages-na.ssl-images-amazon.com%2Fimages%2FM%2FMV5BZDdmM2IzMjQtOTQzYy00NzAzLThkZTgtMGI4OWU5ODk3N2NhXkEyXkFqcGdeQXVyMTMxODk2OTU%40._V1_UY1200_CR89%2C0%2C630%2C1200_AL_.jpg&maxheight=96"",96,96],""image_width"":630,""tn_m"":[""https:\/\/resizeist.doist.com?url=https%3A%2F%2Fimages-na.ssl-images-amazon.com%2Fimages%2FM%2FMV5BZDdmM2IzMjQtOTQzYy00NzAzLThkZTgtMGI4OWU5ODk3N2NhXkEyXkFqcGdeQXVyMTMxODk2OTU%40._V1_UY1200_CR89%2C0%2C630%2C1200_AL_.jpg&maxheight=288"",288,288],""image_height"":1200,""resource_type"":""video.movie""}]]",,,David (3126546),,,,
,,,,,,,,
task,=26. Lemonade,4,1,David (3126546),,,en,Europe/London
note,"https://www.youtube.com/watch?v=BB5zLq1zcdo [[file {""tn_l"":[""https:\/\/resizeist.doist.com?url=https%3A%2F%2Fi.ytimg.com%2Fvi%2FBB5zLq1zcdo%2Fhqdefault.jpg&maxheight=528"",528,528],""title"":""LEMONADE Trailer | HBO"",""url"":""https:\/\/www.youtube.com\/watch?v=BB5zLq1zcdo"",""image"":""https:\/\/i.ytimg.com\/vi\/BB5zLq1zcdo\/hqdefault.jpg"",""tn_s"":[""https:\/\/resizeist.doist.com?url=https%3A%2F%2Fi.ytimg.com%2Fvi%2FBB5zLq1zcdo%2Fhqdefault.jpg&maxheight=96"",96,96],""image_width"":480,""tn_m"":[""https:\/\/resizeist.doist.com?url=https%3A%2F%2Fi.ytimg.com%2Fvi%2FBB5zLq1zcdo%2Fhqdefault.jpg&maxheight=288"",288,288],""image_height"":360,""resource_type"":""video""}]]",,,David (3126546),,,,
note,"http://www.imdb.com/title/tt5662106/ [[file {""tn_l"":[""https:\/\/resizeist.doist.com?url=https%3A%2F%2Fimages-na.ssl-images-amazon.com%2Fimages%2FM%2FMV5BZmVkMjllMGMtOGJjMi00ZDBlLThkODItNWUxYWM2MTQwN2RiXkEyXkFqcGdeQXVyNjM4MDAzMg%40%40._V1_UY1200_CR85%2C0%2C630%2C1200_AL_.jpg&maxheight=528"",528,528],""description"":""Directed by Kahlil Joseph, Beyonc\u00e9 Knowles.  With Beyonc\u00e9 Knowles, Brittani Alexander, Jasmine Badie, Fulani Bahati. A view of a woman's journey through life."",""title"":""Beyonc\u00e9: Lemonade (2016)"",""url"":""http:\/\/www.imdb.com\/title\/tt5662106\/"",""image"":""https:\/\/images-na.ssl-images-amazon.com\/images\/M\/MV5BZmVkMjllMGMtOGJjMi00ZDBlLThkODItNWUxYWM2MTQwN2RiXkEyXkFqcGdeQXVyNjM4MDAzMg@@._V1_UY1200_CR85,0,630,1200_AL_.jpg"",""tn_s"":[""https:\/\/resizeist.doist.com?url=https%3A%2F%2Fimages-na.ssl-images-amazon.com%2Fimages%2FM%2FMV5BZmVkMjllMGMtOGJjMi00ZDBlLThkODItNWUxYWM2MTQwN2RiXkEyXkFqcGdeQXVyNjM4MDAzMg%40%40._V1_UY1200_CR85%2C0%2C630%2C1200_AL_.jpg&maxheight=96"",96,96],""image_width"":630,""tn_m"":[""https:\/\/resizeist.doist.com?url=https%3A%2F%2Fimages-na.ssl-images-amazon.com%2Fimages%2FM%2FMV5BZmVkMjllMGMtOGJjMi00ZDBlLThkODItNWUxYWM2MTQwN2RiXkEyXkFqcGdeQXVyNjM4MDAzMg%40%40._V1_UY1200_CR85%2C0%2C630%2C1200_AL_.jpg&maxheight=288"",288,288],""image_height"":1200,""resource_type"":""video.tv_show""}]]",,,David (3126546),,,,
,,,,,,,,
task,=26. Nocturnal Animals,4,1,David (3126546),,,en,Europe/London
note,"https://www.youtube.com/watch?v=-H1Ii1LjyFU [[file {""tn_l"":[""https:\/\/resizeist.doist.com?url=https%3A%2F%2Fi.ytimg.com%2Fvi%2F-H1Ii1LjyFU%2Fhqdefault.jpg&maxheight=528"",528,528],""title"":""Nocturnal Animals Official Trailer 1 (2016) - Jake Gyllenhaal Movie"",""url"":""https:\/\/www.youtube.com\/watch?v=-H1Ii1LjyFU"",""image"":""https:\/\/i.ytimg.com\/vi\/-H1Ii1LjyFU\/hqdefault.jpg"",""tn_s"":[""https:\/\/resizeist.doist.com?url=https%3A%2F%2Fi.ytimg.com%2Fvi%2F-H1Ii1LjyFU%2Fhqdefault.jpg&maxheight=96"",96,96],""image_width"":480,""tn_m"":[""https:\/\/resizeist.doist.com?url=https%3A%2F%2Fi.ytimg.com%2Fvi%2F-H1Ii1LjyFU%2Fhqdefault.jpg&maxheight=288"",288,288],""image_height"":360,""resource_type"":""video""}]]",,,David (3126546),,,,
note,"http://www.bfi.org.uk/news-opinion/sight-sound-magazine/reviews-recommendations/film-week-nocturnal-animals [[file {""tn_l"":[""https:\/\/resizeist.doist.com?url=http%3A%2F%2Fwww.bfi.org.uk%2Fsites%2Fbfi.org.uk%2Ffiles%2Ffb-images%2Fnocturnal-animals-2016-005-amy-adams-reading-laptop__1000x750.jpg&maxheight=528"",528,528],""description"":""The best moment in Nocturnal Animals occurs when New York gallery owner Susan (Amy Adams) accidentally cracks an underling\u2019s smartphone screen and is told not to worry about it: an upgraded version is coming out next week. It\u2019s a good gag on modern cycles ..."",""title"":""Film of the week: Nocturnal Animals | Sight & Sound"",""url"":""http:\/\/www.bfi.org.uk\/news-opinion\/sight-sound-magazine\/reviews-recommendations\/film-week-nocturnal-animals"",""image"":""http:\/\/www.bfi.org.uk\/sites\/bfi.org.uk\/files\/fb-images\/nocturnal-animals-2016-005-amy-adams-reading-laptop__1000x750.jpg"",""tn_s"":[""https:\/\/resizeist.doist.com?url=http%3A%2F%2Fwww.bfi.org.uk%2Fsites%2Fbfi.org.uk%2Ffiles%2Ffb-images%2Fnocturnal-animals-2016-005-amy-adams-reading-laptop__1000x750.jpg&maxheight=96"",96,96],""image_width"":1000,""tn_m"":[""https:\/\/resizeist.doist.com?url=http%3A%2F%2Fwww.bfi.org.uk%2Fsites%2Fbfi.org.uk%2Ffiles%2Ffb-images%2Fnocturnal-animals-2016-005-amy-adams-reading-laptop__1000x750.jpg&maxheight=288"",288,288],""image_height"":750,""resource_type"":""website""}]]",,,David (3126546),,,,
note,"http://www.imdb.com/title/tt4550098/ [[file {""tn_l"":[""https:\/\/resizeist.doist.com?url=https%3A%2F%2Fimages-na.ssl-images-amazon.com%2Fimages%2FM%2FMV5BMTYwMzMwMzgxNl5BMl5BanBnXkFtZTgwMTA0MTUzMDI%40._V1_UY1200_CR90%2C0%2C630%2C1200_AL_.jpg&maxheight=528"",528,528],""description"":""Directed by Tom Ford.  With Amy Adams, Jake Gyllenhaal, Michael Shannon, Aaron Taylor-Johnson. An art gallery owner is haunted by her ex-husband's novel, a violent thriller she interprets as a veiled threat and a symbolic revenge tale."",""title"":""Nocturnal Animals (2016)"",""url"":""http:\/\/www.imdb.com\/title\/tt4550098\/"",""image"":""https:\/\/images-na.ssl-images-amazon.com\/images\/M\/MV5BMTYwMzMwMzgxNl5BMl5BanBnXkFtZTgwMTA0MTUzMDI@._V1_UY1200_CR90,0,630,1200_AL_.jpg"",""tn_s"":[""https:\/\/resizeist.doist.com?url=https%3A%2F%2Fimages-na.ssl-images-amazon.com%2Fimages%2FM%2FMV5BMTYwMzMwMzgxNl5BMl5BanBnXkFtZTgwMTA0MTUzMDI%40._V1_UY1200_CR90%2C0%2C630%2C1200_AL_.jpg&maxheight=96"",96,96],""image_width"":630,""tn_m"":[""https:\/\/resizeist.doist.com?url=https%3A%2F%2Fimages-na.ssl-images-amazon.com%2Fimages%2FM%2FMV5BMTYwMzMwMzgxNl5BMl5BanBnXkFtZTgwMTA0MTUzMDI%40._V1_UY1200_CR90%2C0%2C630%2C1200_AL_.jpg&maxheight=288"",288,288],""image_height"":1200,""resource_type"":""video.movie""}]]",,,David (3126546),,,,
,,,,,,,,
task,=26. The Ornithologist,4,1,David (3126546),,,en,Europe/London
note,"https://www.youtube.com/watch?v=LbRta8bLAok [[file {""tn_l"":[""https:\/\/resizeist.doist.com?url=https%3A%2F%2Fi.ytimg.com%2Fvi%2FLbRta8bLAok%2Fhqdefault.jpg&maxheight=528"",528,528],""title"":""The Ornithologist trailer | Film Fest Gent 2016"",""url"":""https:\/\/www.youtube.com\/watch?v=LbRta8bLAok"",""image"":""https:\/\/i.ytimg.com\/vi\/LbRta8bLAok\/hqdefault.jpg"",""tn_s"":[""https:\/\/resizeist.doist.com?url=https%3A%2F%2Fi.ytimg.com%2Fvi%2FLbRta8bLAok%2Fhqdefault.jpg&maxheight=96"",96,96],""image_width"":480,""tn_m"":[""https:\/\/resizeist.doist.com?url=https%3A%2F%2Fi.ytimg.com%2Fvi%2FLbRta8bLAok%2Fhqdefault.jpg&maxheight=288"",288,288],""image_height"":360,""resource_type"":""video""}]]",,,David (3126546),,,,
note,"http://www.imdb.com/title/tt4929038/ [[file {""tn_l"":[""https:\/\/resizeist.doist.com?url=https%3A%2F%2Fimages-na.ssl-images-amazon.com%2Fimages%2FM%2FMV5BNDIyZTM5M2EtOTYyOC00Y2VmLWFlYTQtNjczYjJjZDUyYzVkXkEyXkFqcGdeQXVyMTU2NjUwNTg%40._V1_UY1200_CR137%2C0%2C630%2C1200_AL_.jpg&maxheight=528"",528,528],""description"":""Directed by Jo\u00e3o Pedro Rodrigues.  With Jo\u00e3o Pedro Rodrigues, Paul Hamy, Xelo Cagiao, Juliane Elting. Fernando, a solitary ornithologist, is looking for black storks when he is swept away by the rapids. Rescued by a couple of Chinese pilgrims, he plunges i..."",""title"":""The Ornithologist (2016)"",""url"":""http:\/\/www.imdb.com\/title\/tt4929038\/"",""image"":""https:\/\/images-na.ssl-images-amazon.com\/images\/M\/MV5BNDIyZTM5M2EtOTYyOC00Y2VmLWFlYTQtNjczYjJjZDUyYzVkXkEyXkFqcGdeQXVyMTU2NjUwNTg@._V1_UY1200_CR137,0,630,1200_AL_.jpg"",""tn_s"":[""https:\/\/resizeist.doist.com?url=https%3A%2F%2Fimages-na.ssl-images-amazon.com%2Fimages%2FM%2FMV5BNDIyZTM5M2EtOTYyOC00Y2VmLWFlYTQtNjczYjJjZDUyYzVkXkEyXkFqcGdeQXVyMTU2NjUwNTg%40._V1_UY1200_CR137%2C0%2C630%2C1200_AL_.jpg&maxheight=96"",96,96],""image_width"":630,""tn_m"":[""https:\/\/resizeist.doist.com?url=https%3A%2F%2Fimages-na.ssl-images-amazon.com%2Fimages%2FM%2FMV5BNDIyZTM5M2EtOTYyOC00Y2VmLWFlYTQtNjczYjJjZDUyYzVkXkEyXkFqcGdeQXVyMTU2NjUwNTg%40._V1_UY1200_CR137%2C0%2C630%2C1200_AL_.jpg&maxheight=288"",288,288],""image_height"":1200,""resource_type"":""video.movie""}]]",,,David (3126546),,,,
,,,,,,,,
task,=26. Raw,4,1,David (3126546),,,en,Europe/London
note,"https://www.youtube.com/watch?v=wHCqQilit1o [[file {""tn_l"":[""https:\/\/resizeist.doist.com?url=https%3A%2F%2Fi.ytimg.com%2Fvi%2FwHCqQilit1o%2Fhqdefault.jpg&maxheight=528"",528,528],""title"":""Grave - Trailer - ASNIFF 2016 - Absurde S\u00e9ance"",""url"":""https:\/\/www.youtube.com\/watch?v=wHCqQilit1o"",""image"":""https:\/\/i.ytimg.com\/vi\/wHCqQilit1o\/hqdefault.jpg"",""tn_s"":[""https:\/\/resizeist.doist.com?url=https%3A%2F%2Fi.ytimg.com%2Fvi%2FwHCqQilit1o%2Fhqdefault.jpg&maxheight=96"",96,96],""image_width"":480,""tn_m"":[""https:\/\/resizeist.doist.com?url=https%3A%2F%2Fi.ytimg.com%2Fvi%2FwHCqQilit1o%2Fhqdefault.jpg&maxheight=288"",288,288],""image_height"":360,""resource_type"":""video""}]]",,,David (3126546),,,,
note,"http://www.bfi.org.uk/news-opinion/sight-sound-magazine/reviews-recommendations/raw-first-look [[file {""tn_l"":[""https:\/\/resizeist.doist.com?url=http%3A%2F%2Fwww.bfi.org.uk%2Fsites%2Fbfi.org.uk%2Ffiles%2Ffb-images%2Fraw-2016-001-woman-huddled-under-cover_1000x750.jpg&maxheight=528"",528,528],""description"":""French writer-director Julia Ducournau\u2019s extraordinary first feature is a heady, blood-soaked examination of femininity, sexual awakening and the sisterly bond."",""title"":""Julia Ducournau\u2019s Raw (2016) \u2013 first-look review | Sight & Sound"",""url"":""http:\/\/www.bfi.org.uk\/news-opinion\/sight-sound-magazine\/reviews-recommendations\/raw-first-look"",""image"":""http:\/\/www.bfi.org.uk\/sites\/bfi.org.uk\/files\/fb-images\/raw-2016-001-woman-huddled-under-cover_1000x750.jpg"",""tn_s"":[""https:\/\/resizeist.doist.com?url=http%3A%2F%2Fwww.bfi.org.uk%2Fsites%2Fbfi.org.uk%2Ffiles%2Ffb-images%2Fraw-2016-001-woman-huddled-under-cover_1000x750.jpg&maxheight=96"",96,96],""image_width"":1000,""tn_m"":[""https:\/\/resizeist.doist.com?url=http%3A%2F%2Fwww.bfi.org.uk%2Fsites%2Fbfi.org.uk%2Ffiles%2Ffb-images%2Fraw-2016-001-woman-huddled-under-cover_1000x750.jpg&maxheight=288"",288,288],""image_height"":750,""resource_type"":""website""}]]",,,David (3126546),,,,
note,http://www.imdb.com/title/tt4954522/,,,David (3126546),,,,
,,,,,,,,
task,=26. Neruda,4,1,David (3126546),,,en,Europe/London
note,"https://www.youtube.com/watch?v=neUwXV_cSwM [[file {""tn_l"":[""https:\/\/resizeist.doist.com?url=https%3A%2F%2Fi.ytimg.com%2Fvi%2FneUwXV_cSwM%2Fhqdefault.jpg&maxheight=528"",528,528],""title"":""Neruda Official Trailer 1 (2016) - Gael Garc\u00eda Bernal Movie"",""url"":""https:\/\/www.youtube.com\/watch?v=neUwXV_cSwM"",""image"":""https:\/\/i.ytimg.com\/vi\/neUwXV_cSwM\/hqdefault.jpg"",""tn_s"":[""https:\/\/resizeist.doist.com?url=https%3A%2F%2Fi.ytimg.com%2Fvi%2FneUwXV_cSwM%2Fhqdefault.jpg&maxheight=96"",96,96],""image_width"":480,""tn_m"":[""https:\/\/resizeist.doist.com?url=https%3A%2F%2Fi.ytimg.com%2Fvi%2FneUwXV_cSwM%2Fhqdefault.jpg&maxheight=288"",288,288],""image_height"":360,""resource_type"":""video""}]]",,,David (3126546),,,,
note,"http://www.bfi.org.uk/news-opinion/sight-sound-magazine/reviews-recommendations/neruda-first-look [[file {""tn_l"":[""https:\/\/resizeist.doist.com?url=http%3A%2F%2Fwww.bfi.org.uk%2Fsites%2Fbfi.org.uk%2Ffiles%2Ffb-images%2Fneruda-2016-002-luis-gnecco-and-figures-in-room_1000x750.jpg&maxheight=528"",528,528],""description"":""Chilean director Pablo Larra\u00edn returns to Director\u2019s Fortnight with a playfully unexpected spin on a historical drama. Neruda follows the flight of the persecuted communist poet, politician and diplomat Pablo Neruda from Chile using a combination of histor..."",""title"":""Pablo Larra\u00edn\u2019s Neruda (2016) \u2013 first-look review | Sight & Sound"",""url"":""http:\/\/www.bfi.org.uk\/news-opinion\/sight-sound-magazine\/reviews-recommendations\/neruda-first-look"",""image"":""http:\/\/www.bfi.org.uk\/sites\/bfi.org.uk\/files\/fb-images\/neruda-2016-002-luis-gnecco-and-figures-in-room_1000x750.jpg"",""tn_s"":[""https:\/\/resizeist.doist.com?url=http%3A%2F%2Fwww.bfi.org.uk%2Fsites%2Fbfi.org.uk%2Ffiles%2Ffb-images%2Fneruda-2016-002-luis-gnecco-and-figures-in-room_1000x750.jpg&maxheight=96"",96,96],""image_width"":1000,""tn_m"":[""https:\/\/resizeist.doist.com?url=http%3A%2F%2Fwww.bfi.org.uk%2Fsites%2Fbfi.org.uk%2Ffiles%2Ffb-images%2Fneruda-2016-002-luis-gnecco-and-figures-in-room_1000x750.jpg&maxheight=288"",288,288],""image_height"":750,""resource_type"":""website""}]]",,,David (3126546),,,,
note,"http://www.imdb.com/title/tt4698584/ [[file {""tn_l"":[""https:\/\/resizeist.doist.com?url=https%3A%2F%2Fimages-na.ssl-images-amazon.com%2Fimages%2FM%2FMV5BMzM0NDI4Mjc5NV5BMl5BanBnXkFtZTgwMTM0NzQ0MDI%40._V1_UY1200_CR90%2C0%2C630%2C1200_AL_.jpg&maxheight=528"",528,528],""description"":""Directed by Pablo Larra\u00edn.  With Gael Garc\u00eda Bernal, Alfredo Castro, Luis Gnecco, Pablo Derqui. An inspector hunts down Nobel Prize-winning Chilean poet, Pablo Neruda, who becomes a fugitive in his home country in the late 1940s for joining the Communist P..."",""title"":""Neruda (2016)"",""url"":""http:\/\/www.imdb.com\/title\/tt4698584\/"",""image"":""https:\/\/images-na.ssl-images-amazon.com\/images\/M\/MV5BMzM0NDI4Mjc5NV5BMl5BanBnXkFtZTgwMTM0NzQ0MDI@._V1_UY1200_CR90,0,630,1200_AL_.jpg"",""tn_s"":[""https:\/\/resizeist.doist.com?url=https%3A%2F%2Fimages-na.ssl-images-amazon.com%2Fimages%2FM%2FMV5BMzM0NDI4Mjc5NV5BMl5BanBnXkFtZTgwMTM0NzQ0MDI%40._V1_UY1200_CR90%2C0%2C630%2C1200_AL_.jpg&maxheight=96"",96,96],""image_width"":630,""tn_m"":[""https:\/\/resizeist.doist.com?url=https%3A%2F%2Fimages-na.ssl-images-amazon.com%2Fimages%2FM%2FMV5BMzM0NDI4Mjc5NV5BMl5BanBnXkFtZTgwMTM0NzQ0MDI%40._V1_UY1200_CR90%2C0%2C630%2C1200_AL_.jpg&maxheight=288"",288,288],""image_height"":1200,""resource_type"":""video.movie""}]]",,,David (3126546),,,,
,,,,,,,,